Título,"Banca comercial, Cartera de crédito vigente total al sector privado 1/, Saldos nominales en millones de pesos, A. Cartera vigente total","Banca comercial, Cartera de crédito vigente total al sector privado 1/, Saldos nominales en millones de pesos, A. Cartera vigente total, A.1 Cartera directa vigente 2/","Banca comercial, Cartera de crédito vigente total al sector privado 1/, Saldos nominales en millones de pesos, A. Cartera vigente total, A.1 Cartera directa vigente 2/, A.1.1 Consumo","Banca comercial, Cartera de crédito vigente total al sector privado 1/, Saldos nominales en millones de pesos, A. Cartera vigente total, A.1 Cartera directa vigente 2/, A.1.2 Vivienda","Banca comercial, Cartera de crédito vigente total al sector privado 1/, Saldos nominales en millones de pesos, A. Cartera vigente total, A.1 Cartera directa vigente 2/, A.1.3 Empresas y personas físicas con actividad empresarial 3/","Banca comercial, Cartera de crédito vigente total al sector privado 1/, Saldos nominales en millones de pesos, A. Cartera vigente total, A.1 Cartera directa vigente 2/, A.1.4 Intermediarios financieros no bancarios privados","Banca comercial, Cartera de crédito vigente total al sector privado 1/, Saldos nominales en millones de pesos, A. Cartera vigente total, A.2 Cartera vigente asociada a programas de reestructura 4/","Banca comercial, Cartera de crédito vigente total al sector privado 1/, Saldos nominales en millones de pesos, B. Cartera vigente total por destino del crédito","Banca comercial, Cartera de crédito vigente total al sector privado 1/, Saldos nominales en millones de pesos, B. Cartera vigente total por destino del crédito, B.1 Consumo","Banca comercial, Cartera de crédito vigente total al sector privado 1/, Saldos nominales en millones de pesos, B. Cartera vigente total por destino del crédito, B.1 Consumo, B.1.1 Tarjeta de crédito","Banca comercial, Cartera de crédito vigente total al sector privado 1/, Saldos nominales en millones de pesos, B. Cartera vigente total por destino del crédito, B.1 Consumo, B.1.2 Nómina","Banca comercial, Cartera de crédito vigente total al sector privado 1/, Saldos nominales en millones de pesos, B. Cartera vigente total por destino del crédito, B.1 Consumo, B.1.3 Personales","Banca comercial, Cartera de crédito vigente total al sector privado 1/, Saldos nominales en millones de pesos, B. Cartera vigente total por destino del crédito, B.1 Consumo, B.1.4 Bienes de consumo duradero","Banca comercial, Cartera de crédito vigente total al sector privado 1/, Saldos nominales en millones de pesos, B. Cartera vigente total por destino del crédito, B.1 Consumo, B.1.4 Bienes de consumo duradero, B.1.4.1 Automotriz","Banca comercial, Cartera de crédito vigente total al sector privado 1/, Saldos nominales en millones de pesos, B. Cartera vigente total por destino del crédito, B.1 Consumo, B.1.4 Bienes de consumo duradero, B.1.4.2 Adquisición de bienes muebles","Banca comercial, Cartera de crédito vigente total al sector privado 1/, Saldos nominales en millones de pesos, B. Cartera vigente total por destino del crédito, B.1 Consumo, B.1.5 Otros","Banca comercial, Cartera de crédito vigente total al sector privado 1/, Saldos nominales en millones de pesos, B. Cartera vigente total por destino del crédito, B.2 Vivienda","Banca comercial, Cartera de crédito vigente total al sector privado 1/, Saldos nominales en millones de pesos, B. Cartera vigente total por destino del crédito, B.2 Vivienda, B.2.1 Interés social","Banca comercial, Cartera de crédito vigente total al sector privado 1/, Saldos nominales en millones de pesos, B. Cartera vigente total por destino del crédito, B.2 Vivienda, B.2.2 Media y residencial","Banca comercial, Cartera de crédito vigente total al sector privado 1/, Saldos nominales en millones de pesos, B. Cartera vigente total por destino del crédito, B.3 Empresas y personas físicas con actividad empresarial","Banca comercial, Cartera de crédito vigente total al sector privado 1/, Saldos nominales en millones de pesos, B. Cartera vigente total por destino del crédito, B.3 Empresas y personas físicas con actividad empresarial, B.3.1 Agrop. silvícola y pesquero","Banca comercial, Cartera de crédito vigente total al sector privado 1/, Saldos nominales en millones de pesos, B. Cartera vigente total por destino del crédito, B.3 Empresas y personas físicas con actividad empresarial, B.3.2 Minería","Banca comercial, Cartera de crédito vigente total al sector privado 1/, Saldos nominales en millones de pesos, B. Cartera vigente total por destino del crédito, B.3 Empresas y personas físicas con actividad empresarial, B.3.3 Electricidad, agua y gas","Banca comercial, Cartera de crédito vigente total al sector privado 1/, Saldos nominales en millones de pesos, B. Cartera vigente total por destino del crédito, B.3 Empresas y personas físicas con actividad empresarial, B.3.4 Construcción","Banca comercial, Cartera de crédito vigente total al sector privado 1/, Saldos nominales en millones de pesos, B. Cartera vigente total por destino del crédito, B.3 Empresas y personas físicas con actividad empresarial, B.3.5 Industria manufacturera","Banca comercial, Cartera de crédito vigente total al sector privado 1/, Saldos nominales en millones de pesos, B. Cartera vigente total por destino del crédito, B.3 Empresas y personas físicas con actividad empresarial, B.3.5 Industria manufacturera, Industria alimentaria","Banca comercial, Cartera de crédito vigente total al sector privado 1/, Saldos nominales en millones de pesos, B. Cartera vigente total por destino del crédito, B.3 Empresas y personas físicas con actividad empresarial, B.3.5 Industria manufacturera, Industria química","Banca comercial, Cartera de crédito vigente total al sector privado 1/, Saldos nominales en millones de pesos, B. Cartera vigente total por destino del crédito, B.3 Empresas y personas físicas con actividad empresarial, B.3.5 Industria manufacturera, Fabricación de productos a base de minerales no metálicos","Banca comercial, Cartera de crédito vigente total al sector privado 1/, Saldos nominales en millones de pesos, B. Cartera vigente total por destino del crédito, B.3 Empresas y personas físicas con actividad empresarial, B.3.5 Industria manufacturera, Industrias metálicas básicas","Banca comercial, Cartera de crédito vigente total al sector privado 1/, Saldos nominales en millones de pesos, B. Cartera vigente total por destino del crédito, B.3 Empresas y personas físicas con actividad empresarial, B.3.5 Industria manufacturera, Fabricación de equipo de transporte","Banca comercial, Cartera de crédito vigente total al sector privado 1/, Saldos nominales en millones de pesos, B. Cartera vigente total por destino del crédito, B.3 Empresas y personas físicas con actividad empresarial, B.3.5 Industria manufacturera, Otras industrias de la manufactura","Banca comercial, Cartera de crédito vigente total al sector privado 1/, Saldos nominales en millones de pesos, B. Cartera vigente total por destino del crédito, B.3 Empresas y personas físicas con actividad empresarial, B.3.6 Comercio","Banca comercial, Cartera de crédito vigente total al sector privado 1/, Saldos nominales en millones de pesos, B. Cartera vigente total por destino del crédito, B.3 Empresas y personas físicas con actividad empresarial, B.3.7 Transportes, correos y almacenamiento","Banca comercial, Cartera de crédito vigente total al sector privado 1/, Saldos nominales en millones de pesos, B. Cartera vigente total por destino del crédito, B.3 Empresas y personas físicas con actividad empresarial, B.3.8 Información en medios masivos","Banca comercial, Cartera de crédito vigente total al sector privado 1/, Saldos nominales en millones de pesos, B. Cartera vigente total por destino del crédito, B.3 Empresas y personas físicas con actividad empresarial, B.3.9 Servicios inmobiliarios y de alquiler de bienes muebles","Banca comercial, Cartera de crédito vigente total al sector privado 1/, Saldos nominales en millones de pesos, B. Cartera vigente total por destino del crédito, B.3 Empresas y personas físicas con actividad empresarial, B.3.10 Servicios profesionales, científicos y técnicos","Banca comercial, Cartera de crédito vigente total al sector privado 1/, Saldos nominales en millones de pesos, B. Cartera vigente total por destino del crédito, B.3 Empresas y personas físicas con actividad empresarial, B.3.11 Servicios de alojamiento temporal y alimentos y bebidas","Banca comercial, Cartera de crédito vigente total al sector privado 1/, Saldos nominales en millones de pesos, B. Cartera vigente total por destino del crédito, B.3 Empresas y personas físicas con actividad empresarial, B.3.12 Otros servicios","Banca comercial, Cartera de crédito vigente total al sector privado 1/, Saldos nominales en millones de pesos, B. Cartera vigente total por destino del crédito, B.3 Empresas y personas físicas con actividad empresarial, B.3.13 No sectorizado","Banca comercial, Cartera de crédito vigente total al sector privado 1/, Saldos nominales en millones de pesos, A. Cartera vigente total, A.1 Cartera directa vigente 2/, A.1.4 Intermediarios financieros no bancarios privados"
Periodo disponible,Dic 1994 - Mar 2022,Dic 1994 - Mar 2022,Dic 1994 - Mar 2022,Dic 1994 - Mar 2022,Dic 1994 - Mar 2022,Dic 1994 - Mar 2022,Dic 1994 - Mar 2022,Dic 1994 - Mar 2022,Dic 1994 - Mar 2022,Dic 1994 - Mar 2022,Feb 2011 - Mar 2022,Feb 2011 - Mar 2022,Dic 1994 - Mar 2022,Feb 2011 - Mar 2022,Feb 2011 - Mar 2022,Dic 1994 - Mar 2022,Dic 1994 - Mar 2022,Dic 1994 - Mar 2022,Dic 1994 - Mar 2022,Dic 1994 - Mar 2022,Jul 2009 - Mar 2022,Jul 2009 - Mar 2022,Jul 2009 - Mar 2022,Jul 2009 - Mar 2022,Jul 2009 - Mar 2022,Jul 2009 - Mar 2022,Jul 2009 - Mar 2022,Jul 2009 - Mar 2022,Jul 2009 - Mar 2022,Jul 2009 - Mar 2022,Jul 2009 - Mar 2022,Jul 2009 - Mar 2022,Jul 2009 - Mar 2022,Jul 2009 - Mar 2022,Jul 2009 - Mar 2022,Jul 2009 - Mar 2022,Jul 2009 - Mar 2022,Jul 2009 - Mar 2022,Dic 1994 - Mar 2022,Dic 1994 - Mar 2022
Periodicidad,Mensual,Mensual,Mensual,Mensual,Mensual,Mensual,Mensual,Mensual,Mensual,Mensual,Mensual,Mensual,Mensual,Mensual,Mensual,Mensual,Mensual,Mensual,Mensual,Mensual,Mensual,Mensual,Mensual,Mensual,Mensual,Mensual,Mensual,Mensual,Mensual,Mensual,Mensual,Mensual,Mensual,Mensual,Mensual,Mensual,Mensual,Mensual,Mensual,Mensual
Cifra,Saldos Nominales,Saldos Nominales,Saldos Nominales,Saldos Nominales,Saldos Nominales,Saldos Nominales,Saldos Nominales,Saldos Nominales,Saldos Nominales,Saldos Nominales,Saldos Nominales,Saldos Nominales,Saldos Nominales,Saldos Nominales,Saldos Nominales,Saldos Nominales,Saldos Nominales,Saldos Nominales,Saldos Nominales,Saldos Nominales,Saldos Nominales,Saldos Nominales,Saldos Nominales,Saldos Nominales,Saldos Nominales,Saldos Nominales,Saldos Nominales,Saldos Nominales,Saldos Nominales,Saldos Nominales,Saldos Nominales,Saldos Nominales,Saldos Nominales,Saldos Nominales,Saldos Nominales,Saldos Nominales,Saldos Nominales,Saldos Nominales,Saldos Nominales,Saldos Nominales
Unidad,Millones de Pesos,Millones de Pesos,Millones de Pesos,Millones de Pesos,Millones de Pesos,Millones de Pesos,Millones de Pesos,Millones de Pesos,Millones de Pesos,Millones de Pesos,Millones de Pesos,Millones de Pesos,Millones de Pesos,Millones de Pesos,Millones de Pesos,Millones de Pesos,Millones de Pesos,Millones de Pesos,Millones de Pesos,Millones de Pesos,Millones de Pesos,Millones de Pesos,Millones de Pesos,Millones de Pesos,Millones de Pesos,Millones de Pesos,Millones de Pesos,Millones de Pesos,Millones de Pesos,Millones de Pesos,Millones de Pesos,Millones de Pesos,Millones de Pesos,Millones de Pesos,Millones de Pesos,Millones de Pesos,Millones de Pesos,Millones de Pesos,Millones de Pesos,Millones de Pesos
Base,,,,,,,,,,,,,,,,,,,,,,,,,,,,,,,,,,,,,,,,
Aviso,,,,,,,,,,,,,,,,,,,,,,,,,,,,,,,,,,,,,,,,
Tipo de información,Niveles,Niveles,Niveles,Niveles,Niveles,Niveles,Niveles,Niveles,Niveles,Niveles,Niveles,Niveles,Niveles,Niveles,Niveles,Niveles,Niveles,Niveles,Niveles,Niveles,Niveles,Niveles,Niveles,Niveles,Niveles,Niveles,Niveles,Niveles,Niveles,Niveles,Niveles,Niveles,Niveles,Niveles,Niveles,Niveles,Niveles,Niveles,Niveles,Niveles
Fecha,SF235704,SF235705,SF235706,SF235707,SF235708,SF235709,SF235710,SF235711,SF235712,SF235713,SF266103,SF266104,SF235714,SF266105,SF266106,SF235715,SF235716,SF235717,SF235718,SF235719,SF320913,SF320914,SF320915,SF320916,SF320917,SF320918,SF320919,SF320920,SF320921,SF320922,SF320923,SF320924,SF320925,SF320926,SF320927,SF320928,SF320929,SF320930,SF235730,SF235709
01/01/2003,518368.4,435228.2,76592.4,47734.7,288983,21918.1,83140.2,518368.4,76633.4,43682.1,N/E,N/E,20129.9,N/E,N/E,12821.4,122950.2,20818.1,102132.1,296866.7,N/E,N/E,N/E,N/E,N/E,N/E,N/E,N/E,N/E,N/E,N/E,N/E,N/E,N/E,N/E,N/E,N/E,N/E,N/E,21918.1
01/02/2003,516470.1,433999.7,78099.6,48764.4,286333.8,20801.9,82470.4,516470.1,78140.6,43911.7,N/E,N/E,21514.3,N/E,N/E,12714.6,123445.6,21507.2,101938.4,294082.1,N/E,N/E,N/E,N/E,N/E,N/E,N/E,N/E,N/E,N/E,N/E,N/E,N/E,N/E,N/E,N/E,N/E,N/E,N/E,20801.9
01/03/2003,515229,433874.6,80153.1,48297.1,283539.6,21884.7,81354.4,515229,80194.1,44446.5,N/E,N/E,22916.8,N/E,N/E,12830.8,122097.8,20682.7,101415,291052.4,N/E,N/E,N/E,N/E,N/E,N/E,N/E,N/E,N/E,N/E,N/E,N/E,N/E,N/E,N/E,N/E,N/E,N/E,N/E,21884.7
01/04/2003,514645.7,435709.3,82995.1,49453.2,282231.4,21029.6,78936.5,514645.7,83036,45949.1,N/E,N/E,23773.5,N/E,N/E,13313.4,121657.1,20468.9,101188.2,288923.1,N/E,N/E,N/E,N/E,N/E,N/E,N/E,N/E,N/E,N/E,N/E,N/E,N/E,N/E,N/E,N/E,N/E,N/E,N/E,21029.6
01/05/2003,527862.9,449882.1,85164.5,49739.8,293052.1,21925.8,77980.8,527862.9,85205.5,46543.8,N/E,N/E,24932.4,N/E,N/E,13729.3,121290.5,20176.6,101113.9,299441.1,N/E,N/E,N/E,N/E,N/E,N/E,N/E,N/E,N/E,N/E,N/E,N/E,N/E,N/E,N/E,N/E,N/E,N/E,N/E,21925.8
01/06/2003,522415.7,445831.3,88020.6,50240.3,285166.1,22404.3,76584.4,522415.7,88061.6,48092,N/E,N/E,25436.1,N/E,N/E,14533.5,120938.6,20405.4,100533.2,291011.1,N/E,N/E,N/E,N/E,N/E,N/E,N/E,N/E,N/E,N/E,N/E,N/E,N/E,N/E,N/E,N/E,N/E,N/E,N/E,22404.3
01/07/2003,514514.8,442386.4,90644,50857.7,279676,21208.8,72128.3,514514.8,90718.8,49071.2,N/E,N/E,26003.9,N/E,N/E,15643.7,117502.2,20342.6,97159.7,285085,N/E,N/E,N/E,N/E,N/E,N/E,N/E,N/E,N/E,N/E,N/E,N/E,N/E,N/E,N/E,N/E,N/E,N/E,N/E,21208.8
01/08/2003,526685.2,455658.9,93795.4,51747.8,286775.5,23340.2,71026.3,526685.2,93869.9,51002.8,N/E,N/E,26756.9,N/E,N/E,16110.2,117461.4,20372.9,97088.5,292013.6,N/E,N/E,N/E,N/E,N/E,N/E,N/E,N/E,N/E,N/E,N/E,N/E,N/E,N/E,N/E,N/E,N/E,N/E,N/E,23340.2
01/09/2003,533624.2,460340.4,101084,52238,283268.6,23749.8,73283.8,533624.2,101152.2,52869,N/E,N/E,31378.3,N/E,N/E,16904.9,117530.2,20009.9,97520.3,291191.9,N/E,N/E,N/E,N/E,N/E,N/E,N/E,N/E,N/E,N/E,N/E,N/E,N/E,N/E,N/E,N/E,N/E,N/E,N/E,23749.8
01/10/2003,536036.6,464357.4,103261.9,52967,283625.8,24502.7,71679.2,536036.6,103295.8,53532.2,N/E,N/E,31532.1,N/E,N/E,18231.6,116735.2,19710,97025.2,291502.9,N/E,N/E,N/E,N/E,N/E,N/E,N/E,N/E,N/E,N/E,N/E,N/E,N/E,N/E,N/E,N/E,N/E,N/E,N/E,24502.7
01/11/2003,549516.6,478421,106852.9,53601.6,291080.7,26885.9,71095.5,549516.6,106886.7,55816.1,N/E,N/E,32223,N/E,N/E,18847.7,116724.8,19595.2,97129.6,299019.1,N/E,N/E,N/E,N/E,N/E,N/E,N/E,N/E,N/E,N/E,N/E,N/E,N/E,N/E,N/E,N/E,N/E,N/E,N/E,26885.9
01/12/2003,558048.7,488044.7,113772.6,54382.7,293347.6,26541.9,70004,558048.7,113806.4,57924.8,N/E,N/E,36730.3,N/E,N/E,19151.4,116534.6,19234.3,97300.4,301165.7,N/E,N/E,N/E,N/E,N/E,N/E,N/E,N/E,N/E,N/E,N/E,N/E,N/E,N/E,N/E,N/E,N/E,N/E,N/E,26541.9
01/01/2004,553791.2,484645.7,114416.3,55042.2,288765.8,26421.4,69145.4,553791.2,114450.2,57952.1,N/E,N/E,36522.7,N/E,N/E,19975.3,116628.5,19032.1,97596.4,296291,N/E,N/E,N/E,N/E,N/E,N/E,N/E,N/E,N/E,N/E,N/E,N/E,N/E,N/E,N/E,N/E,N/E,N/E,N/E,26421.4
01/02/2004,557667.8,488776.3,119205,55571.7,287787,26212.6,68891.5,557667.8,119238.8,58940.4,N/E,N/E,39671.7,N/E,N/E,20626.8,116929.7,19308.5,97621.3,295286.6,N/E,N/E,N/E,N/E,N/E,N/E,N/E,N/E,N/E,N/E,N/E,N/E,N/E,N/E,N/E,N/E,N/E,N/E,N/E,26212.6
01/03/2004,566147.4,498034.6,122932.4,56395.5,288484.9,30221.8,68112.9,566147.4,122966.2,61107.5,N/E,N/E,39457.8,N/E,N/E,22400.9,117024.8,19146.5,97878.3,295934.6,N/E,N/E,N/E,N/E,N/E,N/E,N/E,N/E,N/E,N/E,N/E,N/E,N/E,N/E,N/E,N/E,N/E,N/E,N/E,30221.8
01/04/2004,575230.2,507919.1,126680.3,57649.5,292650.1,30939.2,67311.1,575230.2,126680.3,63730.4,N/E,N/E,39603,N/E,N/E,23346.9,117519.5,19001.5,98518,300091.2,N/E,N/E,N/E,N/E,N/E,N/E,N/E,N/E,N/E,N/E,N/E,N/E,N/E,N/E,N/E,N/E,N/E,N/E,N/E,30939.2
01/05/2004,585743.5,519738.3,130731.9,58985.2,296710.5,33310.7,66005.2,585743.5,130731.9,65921.5,N/E,N/E,39952.3,N/E,N/E,24858.1,117831,18646.7,99184.3,303869.9,N/E,N/E,N/E,N/E,N/E,N/E,N/E,N/E,N/E,N/E,N/E,N/E,N/E,N/E,N/E,N/E,N/E,N/E,N/E,33310.7
01/06/2004,595637.5,531192.8,134949.9,60394.3,299279.4,36569.1,64444.7,595637.5,134949.9,68739.8,N/E,N/E,40226.1,N/E,N/E,25984,117692.6,18489.2,99203.4,306425.9,N/E,N/E,N/E,N/E,N/E,N/E,N/E,N/E,N/E,N/E,N/E,N/E,N/E,N/E,N/E,N/E,N/E,N/E,N/E,36569.1
01/07/2004,601829,538396.1,138903.5,62458.3,300648.2,36386.1,63432.9,601829,138903.5,71242.5,N/E,N/E,40722.7,N/E,N/E,26938.3,118981.1,18314.6,100666.5,307558.3,N/E,N/E,N/E,N/E,N/E,N/E,N/E,N/E,N/E,N/E,N/E,N/E,N/E,N/E,N/E,N/E,N/E,N/E,N/E,36386.1
01/08/2004,609460.8,547344.8,144337.1,64445,301711.3,36851.4,62115.9,609460.8,144337.1,74289.8,N/E,N/E,42935.9,N/E,N/E,27111.4,119753.1,18083.9,101669.2,308519.2,N/E,N/E,N/E,N/E,N/E,N/E,N/E,N/E,N/E,N/E,N/E,N/E,N/E,N/E,N/E,N/E,N/E,N/E,N/E,36851.4
01/09/2004,628001.3,566680.5,150147.7,65236.8,314410.1,36885.8,61320.8,628001.3,150147.7,77020.8,N/E,N/E,44152.9,N/E,N/E,28974.1,119909.9,17954.5,101955.4,321057.9,N/E,N/E,N/E,N/E,N/E,N/E,N/E,N/E,N/E,N/E,N/E,N/E,N/E,N/E,N/E,N/E,N/E,N/E,N/E,36885.8
01/10/2004,659913.5,598735.1,157204.7,67040.7,334284.8,40204.9,61178.4,659913.5,157204.7,80312,N/E,N/E,46122,N/E,N/E,30770.6,121108.3,17946.5,103161.8,341395.7,N/E,N/E,N/E,N/E,N/E,N/E,N/E,N/E,N/E,N/E,N/E,N/E,N/E,N/E,N/E,N/E,N/E,N/E,N/E,40204.9
01/11/2004,673313.4,615983.4,165633.2,69392.4,342029.9,38927.9,57329.9,673313.3,165633.2,86194.2,N/E,N/E,47333.2,N/E,N/E,32105.8,122484.1,16927.2,105557,346268,N/E,N/E,N/E,N/E,N/E,N/E,N/E,N/E,N/E,N/E,N/E,N/E,N/E,N/E,N/E,N/E,N/E,N/E,N/E,38927.9
01/12/2004,704229.7,647197.2,170201.9,71378.6,364171.8,41444.9,57032.5,704229.7,170201.9,87110.9,N/E,N/E,49401.5,N/E,N/E,33689.5,123271.2,17081.2,106190.1,369311.6,N/E,N/E,N/E,N/E,N/E,N/E,N/E,N/E,N/E,N/E,N/E,N/E,N/E,N/E,N/E,N/E,N/E,N/E,N/E,41444.9
01/01/2005,708512.8,652960.6,173973.3,72483.6,366128.3,40375.4,55552.2,708512.8,173973.3,88669.9,N/E,N/E,49475.3,N/E,N/E,35828.1,123162.2,16982.3,106180,371001.9,N/E,N/E,N/E,N/E,N/E,N/E,N/E,N/E,N/E,N/E,N/E,N/E,N/E,N/E,N/E,N/E,N/E,N/E,N/E,40375.4
01/02/2005,715180.6,661397,178580.8,75247,364646,42923.3,53783.5,715180.5,178580.8,91378.6,N/E,N/E,47370,N/E,N/E,39832.3,124174,16855.3,107318.7,369502.5,N/E,N/E,N/E,N/E,N/E,N/E,N/E,N/E,N/E,N/E,N/E,N/E,N/E,N/E,N/E,N/E,N/E,N/E,N/E,42923.3
01/03/2005,722422.1,673500.9,185114.5,79201.8,365346.7,43837.8,48921.2,722422.1,185114.5,94357,N/E,N/E,48537.4,N/E,N/E,42220,125843.7,16763.8,109079.9,367626.1,N/E,N/E,N/E,N/E,N/E,N/E,N/E,N/E,N/E,N/E,N/E,N/E,N/E,N/E,N/E,N/E,N/E,N/E,N/E,43837.8
01/04/2005,745257.7,696812.4,190591,83068.2,375667.6,47485.6,48445.3,745257.7,190591,97585.3,N/E,N/E,46486.9,N/E,N/E,46518.8,129248.2,17986,111262.2,377932.9,N/E,N/E,N/E,N/E,N/E,N/E,N/E,N/E,N/E,N/E,N/E,N/E,N/E,N/E,N/E,N/E,N/E,N/E,N/E,47485.6
01/05/2005,755537.1,707842.8,195994.4,87452.3,374780,49616.2,47694.4,755537.1,195994.4,101403.1,N/E,N/E,46729.3,N/E,N/E,47861.9,132901.1,19919.5,112981.6,377025.5,N/E,N/E,N/E,N/E,N/E,N/E,N/E,N/E,N/E,N/E,N/E,N/E,N/E,N/E,N/E,N/E,N/E,N/E,N/E,49616.2
01/06/2005,766044.6,720291,203288.8,91447.7,376217.6,49336.9,45753.5,766044.6,203288.8,106541.8,N/E,N/E,47324.4,N/E,N/E,49422.6,135432.9,21132.5,114300.4,377986,N/E,N/E,N/E,N/E,N/E,N/E,N/E,N/E,N/E,N/E,N/E,N/E,N/E,N/E,N/E,N/E,N/E,N/E,N/E,49336.9
01/07/2005,781966.9,736974,209704.9,94693.6,383472.7,49102.8,44992.8,781966.9,209704.9,111126.2,N/E,N/E,47960.8,N/E,N/E,50617.9,138001.7,21991.1,116010.6,385157.4,N/E,N/E,N/E,N/E,N/E,N/E,N/E,N/E,N/E,N/E,N/E,N/E,N/E,N/E,N/E,N/E,N/E,N/E,N/E,49102.8
01/08/2005,786808,746467.5,217030.5,96162.5,382221.4,51053.2,40340.5,786808,217030.5,117057.5,N/E,N/E,48083.6,N/E,N/E,51889.4,134879,20957.1,113921.9,383845.4,N/E,N/E,N/E,N/E,N/E,N/E,N/E,N/E,N/E,N/E,N/E,N/E,N/E,N/E,N/E,N/E,N/E,N/E,N/E,51053.2
01/09/2005,798014.7,758547.9,225093.4,103325.6,376848.9,53280,39466.8,798014.7,225093.4,121952.9,N/E,N/E,48812.1,N/E,N/E,54328.4,141278,22326.7,118951.4,378363.3,N/E,N/E,N/E,N/E,N/E,N/E,N/E,N/E,N/E,N/E,N/E,N/E,N/E,N/E,N/E,N/E,N/E,N/E,N/E,53280
01/10/2005,819864.7,781136.7,240568,108643.7,378815.1,53109.9,38728,819864.7,240568,128979.8,N/E,N/E,54623.7,N/E,N/E,56964.5,145775.3,22404.1,123371.2,380411.5,N/E,N/E,N/E,N/E,N/E,N/E,N/E,N/E,N/E,N/E,N/E,N/E,N/E,N/E,N/E,N/E,N/E,N/E,N/E,53109.9
01/11/2005,848116.6,810014.6,249674.1,114629.2,389483.9,56227.4,38102,848116.5,249674.1,137154.3,N/E,N/E,54628.9,N/E,N/E,57891,151097.2,24068,127029.1,391117.9,N/E,N/E,N/E,N/E,N/E,N/E,N/E,N/E,N/E,N/E,N/E,N/E,N/E,N/E,N/E,N/E,N/E,N/E,N/E,56227.4
01/12/2005,888523.4,849934.9,259924.5,132453.5,399401.3,58155.6,38588.5,888523.5,259924.5,142278.5,N/E,N/E,71851.6,N/E,N/E,45794.4,169131.3,26532.1,142599.3,401312.1,N/E,N/E,N/E,N/E,N/E,N/E,N/E,N/E,N/E,N/E,N/E,N/E,N/E,N/E,N/E,N/E,N/E,N/E,N/E,58155.6
01/01/2006,895211.9,857060.1,263339.1,139268,398553.3,55899.7,38151.8,895212,263339.1,145775.2,N/E,N/E,71105.7,N/E,N/E,46458.2,175559.1,30446.3,145112.8,400414.1,N/E,N/E,N/E,N/E,N/E,N/E,N/E,N/E,N/E,N/E,N/E,N/E,N/E,N/E,N/E,N/E,N/E,N/E,N/E,55899.7
01/02/2006,913409.2,875894.1,273134.5,142740.3,405025.2,54994.1,37515.1,913409.3,273134.5,150542.2,N/E,N/E,74942.9,N/E,N/E,47649.4,178417.5,30556.4,147861.2,406863.2,N/E,N/E,N/E,N/E,N/E,N/E,N/E,N/E,N/E,N/E,N/E,N/E,N/E,N/E,N/E,N/E,N/E,N/E,N/E,54994.1
01/03/2006,942463.7,905853.1,279529.8,153785.2,416252.9,56285.2,36610.6,942463.8,279529.8,154984.6,N/E,N/E,75109.6,N/E,N/E,49435.6,188572.7,32367.4,156205.3,418076.1,N/E,N/E,N/E,N/E,N/E,N/E,N/E,N/E,N/E,N/E,N/E,N/E,N/E,N/E,N/E,N/E,N/E,N/E,N/E,56285.2
01/04/2006,975610.7,939582.7,291276.5,161677.5,428370.1,58258.6,36028,975610.8,291276.5,160875.3,N/E,N/E,79665.1,N/E,N/E,50736,195875.2,33410.1,162465.1,430200.5,N/E,N/E,N/E,N/E,N/E,N/E,N/E,N/E,N/E,N/E,N/E,N/E,N/E,N/E,N/E,N/E,N/E,N/E,N/E,58258.6
01/05/2006,988992.8,953812.8,299271.3,166919.2,429894.6,57727.7,35180,988992.8,299271.3,166904.2,N/E,N/E,80340.1,N/E,N/E,52027,200264.4,41026.3,159238,431729.5,N/E,N/E,N/E,N/E,N/E,N/E,N/E,N/E,N/E,N/E,N/E,N/E,N/E,N/E,N/E,N/E,N/E,N/E,N/E,57727.7
01/06/2006,1005693.7,973116.9,308573.1,170826.2,438836.5,54881.2,32576.7,1005693.8,308573.1,172452.9,N/E,N/E,80674.3,N/E,N/E,55445.9,202866,38342.7,164523.3,439373.5,N/E,N/E,N/E,N/E,N/E,N/E,N/E,N/E,N/E,N/E,N/E,N/E,N/E,N/E,N/E,N/E,N/E,N/E,N/E,54881.2
01/07/2006,1018112.4,986382.7,317496.3,177634.4,436275,54977,31729.6,1018112.4,317496.3,179360,N/E,N/E,81310.2,N/E,N/E,56826,209063.5,42121.3,166942.1,436575.6,N/E,N/E,N/E,N/E,N/E,N/E,N/E,N/E,N/E,N/E,N/E,N/E,N/E,N/E,N/E,N/E,N/E,N/E,N/E,54977
01/08/2006,1035558.4,1004327.7,326509.5,181363,440385.9,56069.3,31230.7,1035558.4,326509.5,185416,N/E,N/E,82649,N/E,N/E,58444.5,212396.7,41559.3,170837.4,440582.9,N/E,N/E,N/E,N/E,N/E,N/E,N/E,N/E,N/E,N/E,N/E,N/E,N/E,N/E,N/E,N/E,N/E,N/E,N/E,56069.3
01/09/2006,1068254.6,1037090.4,338429.5,189773.8,453446.9,55440.2,31164.2,1068254.6,338429.5,191464.6,N/E,N/E,86698.4,N/E,N/E,60266.5,220551.7,43003.2,177548.5,453833.1,N/E,N/E,N/E,N/E,N/E,N/E,N/E,N/E,N/E,N/E,N/E,N/E,N/E,N/E,N/E,N/E,N/E,N/E,N/E,55440.2
01/10/2006,1097057.1,1066441.1,349763,193416.6,467538.5,55722.9,30616.1,1097057.1,349763,198085,N/E,N/E,89369.2,N/E,N/E,62308.8,224023.7,43372.2,180651.5,467547.5,N/E,N/E,N/E,N/E,N/E,N/E,N/E,N/E,N/E,N/E,N/E,N/E,N/E,N/E,N/E,N/E,N/E,N/E,N/E,55722.9
01/11/2006,1128017.8,1097797,362620.2,194606.1,479436.4,61134.4,30220.8,1128017.8,362620.2,207616.4,N/E,N/E,91072.8,N/E,N/E,63931,224817.8,39482.9,185335,479445.4,N/E,N/E,N/E,N/E,N/E,N/E,N/E,N/E,N/E,N/E,N/E,N/E,N/E,N/E,N/E,N/E,N/E,N/E,N/E,61134.4
01/12/2006,1163026.7,1133258.2,367827.7,200783.6,504267.5,60379.5,29768.5,1163026.7,367827.7,211247,N/E,N/E,92041.3,N/E,N/E,64539.4,230543.3,40536.7,190006.6,504276.2,N/E,N/E,N/E,N/E,N/E,N/E,N/E,N/E,N/E,N/E,N/E,N/E,N/E,N/E,N/E,N/E,N/E,N/E,N/E,60379.5
01/01/2007,1157647.3,1127932.1,367911.1,190675.5,508640.6,60704.8,29715.3,1157647.3,367911.1,216431,N/E,N/E,62788.3,N/E,N/E,88691.9,220376.9,31582,188795,508654.4,N/E,N/E,N/E,N/E,N/E,N/E,N/E,N/E,N/E,N/E,N/E,N/E,N/E,N/E,N/E,N/E,N/E,N/E,N/E,60704.8
01/02/2007,1191674.6,1162301.1,374585.8,202665.1,524501.2,60549.1,29373.5,1191674.6,374585.8,221299.5,N/E,N/E,62670.5,N/E,N/E,90615.8,232024.8,32207.9,199817,524514.8,N/E,N/E,N/E,N/E,N/E,N/E,N/E,N/E,N/E,N/E,N/E,N/E,N/E,N/E,N/E,N/E,N/E,N/E,N/E,60549.1
01/03/2007,1218345.3,1189234,384361.5,208249.7,532662.4,63960.5,29111.2,1218345.2,384361.5,226015.8,N/E,N/E,63034.9,N/E,N/E,95310.8,237347.6,33895.4,203452.1,532675.7,N/E,N/E,N/E,N/E,N/E,N/E,N/E,N/E,N/E,N/E,N/E,N/E,N/E,N/E,N/E,N/E,N/E,N/E,N/E,63960.5
01/04/2007,1241543,1212681.8,393526,213963.7,540979.4,64212.7,28861.2,1241543,393526,233850.6,N/E,N/E,62669.1,N/E,N/E,97006.3,242811.9,34949.5,207862.4,540992.5,N/E,N/E,N/E,N/E,N/E,N/E,N/E,N/E,N/E,N/E,N/E,N/E,N/E,N/E,N/E,N/E,N/E,N/E,N/E,64212.7
01/05/2007,1263080.2,1234677.5,400384.8,216899.7,553070.5,64322.4,28402.8,1263080.2,400384.8,238684.4,N/E,N/E,62629.2,N/E,N/E,99071.2,245288.5,34902.1,210386.4,553084.5,N/E,N/E,N/E,N/E,N/E,N/E,N/E,N/E,N/E,N/E,N/E,N/E,N/E,N/E,N/E,N/E,N/E,N/E,N/E,64322.4
01/06/2007,1302527.8,1274671.9,409292.9,223195.5,577232.5,64951.1,27855.9,1302527.8,409292.9,244008.5,N/E,N/E,62805.5,N/E,N/E,102478.8,251037.5,35328.7,215708.8,577246.3,N/E,N/E,N/E,N/E,N/E,N/E,N/E,N/E,N/E,N/E,N/E,N/E,N/E,N/E,N/E,N/E,N/E,N/E,N/E,64951.1
01/07/2007,1317519.3,1289959.8,416829.4,230356,583549.5,59225,27559.5,1317519.3,416829.4,249733.8,N/E,N/E,62477.3,N/E,N/E,104618.3,257901.6,38404.4,219497.2,583563.3,N/E,N/E,N/E,N/E,N/E,N/E,N/E,N/E,N/E,N/E,N/E,N/E,N/E,N/E,N/E,N/E,N/E,N/E,N/E,59225
01/08/2007,1368610.5,1341229.5,427770,236237.4,609599.1,67623,27381.1,1368610.5,427770,258677.7,N/E,N/E,62740,N/E,N/E,106352.2,263604.7,39173.7,224431,609612.9,N/E,N/E,N/E,N/E,N/E,N/E,N/E,N/E,N/E,N/E,N/E,N/E,N/E,N/E,N/E,N/E,N/E,N/E,N/E,67623
01/09/2007,1403156,1375823.8,435036,240913.1,631654.2,68220.4,27332.2,1403156,435036,263122.9,N/E,N/E,62818.1,N/E,N/E,109095,268231.5,39747.5,228484,631668.1,N/E,N/E,N/E,N/E,N/E,N/E,N/E,N/E,N/E,N/E,N/E,N/E,N/E,N/E,N/E,N/E,N/E,N/E,N/E,68220.4
01/10/2007,1439806.8,1412679.9,442084.7,240467.9,661224.5,68902.8,27127,1439806.8,442084.7,269731.3,N/E,N/E,63295.1,N/E,N/E,109058.2,267586.3,38432.9,229153.4,661233.1,N/E,N/E,N/E,N/E,N/E,N/E,N/E,N/E,N/E,N/E,N/E,N/E,N/E,N/E,N/E,N/E,N/E,N/E,N/E,68902.8
01/11/2007,1470158.6,1443219.7,452875.3,247445.4,673682.5,69216.5,26938.8,1470158.6,452875.3,276947.2,N/E,N/E,63480.6,N/E,N/E,112447.5,274370.3,39552.8,234817.5,673696.5,N/E,N/E,N/E,N/E,N/E,N/E,N/E,N/E,N/E,N/E,N/E,N/E,N/E,N/E,N/E,N/E,N/E,N/E,N/E,69216.5
01/12/2007,1485885.4,1459166.3,455834.9,248466.3,682360.7,72504.4,26719.1,1485885.4,455834.9,279355.2,N/E,N/E,64603.1,N/E,N/E,111876.6,275171.5,39184.1,235987.3,682374.6,N/E,N/E,N/E,N/E,N/E,N/E,N/E,N/E,N/E,N/E,N/E,N/E,N/E,N/E,N/E,N/E,N/E,N/E,N/E,72504.4
01/01/2008,1503633.9,1480581.2,456441.7,256649.5,698187,69303,23052.6,1503633.9,456441.7,280744.3,N/E,N/E,64653.1,N/E,N/E,111044.3,279690,40182.7,239507.3,698199.1,N/E,N/E,N/E,N/E,N/E,N/E,N/E,N/E,N/E,N/E,N/E,N/E,N/E,N/E,N/E,N/E,N/E,N/E,N/E,69303
01/02/2008,1522836.7,1500304.4,459589.9,260434.9,710787.1,69492.4,22532.3,1522836.7,459589.9,282925.9,N/E,N/E,64599.3,N/E,N/E,112064.8,282955.2,40036.3,242918.9,710799.2,N/E,N/E,N/E,N/E,N/E,N/E,N/E,N/E,N/E,N/E,N/E,N/E,N/E,N/E,N/E,N/E,N/E,N/E,N/E,69492.4
01/03/2008,1535887.4,1513498.8,465278.8,260875.4,717099.3,70245.3,22388.6,1535887.4,465278.8,287913.6,N/E,N/E,64154.7,N/E,N/E,113210.5,283257.6,40427.9,242829.7,717105.8,N/E,N/E,N/E,N/E,N/E,N/E,N/E,N/E,N/E,N/E,N/E,N/E,N/E,N/E,N/E,N/E,N/E,N/E,-700,70245.3
01/04/2008,1554253.8,1532048.6,466160.5,264565.5,731066.8,70255.8,22205.3,1554253.8,466160.5,288113,N/E,N/E,63833.6,N/E,N/E,114213.9,286764.3,40084.5,246679.8,731073.2,N/E,N/E,N/E,N/E,N/E,N/E,N/E,N/E,N/E,N/E,N/E,N/E,N/E,N/E,N/E,N/E,N/E,N/E,-774.5,70255.8
01/05/2008,1566885.3,1544993.7,465922.1,268757.5,737004.3,73309.8,21891.6,1566885.3,465922.1,287596.8,N/E,N/E,63630.1,N/E,N/E,114695.2,290642.9,39717.5,250925.3,737010.5,N/E,N/E,N/E,N/E,N/E,N/E,N/E,N/E,N/E,N/E,N/E,N/E,N/E,N/E,N/E,N/E,N/E,N/E,-177.4,73309.8
01/06/2008,1575176.4,1553072.5,467607.4,272264.8,740572.8,72627.5,22103.8,1575176.4,467607.4,289784.2,N/E,N/E,63104.3,N/E,N/E,114718.9,294362.5,39392.7,254969.8,740579,N/E,N/E,N/E,N/E,N/E,N/E,N/E,N/E,N/E,N/E,N/E,N/E,N/E,N/E,N/E,N/E,N/E,N/E,-299.5,72627.5
01/07/2008,1588398.5,1566733.9,463715.5,276885,751460.8,74672.6,21664.6,1588398.5,463715.5,290252.9,N/E,N/E,62761.4,N/E,N/E,110701.2,298543.6,38852.9,259690.6,751466.9,N/E,N/E,N/E,N/E,N/E,N/E,N/E,N/E,N/E,N/E,N/E,N/E,N/E,N/E,N/E,N/E,N/E,N/E,334.2,74672.6
01/08/2008,1609151.3,1587817.3,462861.3,276443.2,772673.4,75839.4,21334,1609151.3,462861.3,288922.9,N/E,N/E,62648.2,N/E,N/E,111290.2,297773.7,36178.9,261594.7,772676.9,N/E,N/E,N/E,N/E,N/E,N/E,N/E,N/E,N/E,N/E,N/E,N/E,N/E,N/E,N/E,N/E,N/E,N/E,40,75839.4
01/09/2008,1620037.6,1598882.1,460357.8,279521.9,782527.6,76474.8,21155.5,1620037.6,460357.8,287224.2,N/E,N/E,62026.3,N/E,N/E,111107.3,300673.9,36729.5,263944.4,782531.1,N/E,N/E,N/E,N/E,N/E,N/E,N/E,N/E,N/E,N/E,N/E,N/E,N/E,N/E,N/E,N/E,N/E,N/E,233.6,76474.8
01/10/2008,1666622.4,1645703.6,456747.9,284757.5,829720,74478.1,20918.8,1666622.4,456747.9,280750.5,N/E,N/E,61676.3,N/E,N/E,114321.1,305672.8,37282.2,268390.7,829723.5,N/E,N/E,N/E,N/E,N/E,N/E,N/E,N/E,N/E,N/E,N/E,N/E,N/E,N/E,N/E,N/E,N/E,N/E,196.6,74478.1
01/11/2008,1680759.1,1659949.2,454396,289018.1,845386.7,71148.4,20809.9,1680759.1,454396,279925.7,N/E,N/E,60886.4,N/E,N/E,113583.9,309824.4,37661.5,272162.9,845390.3,N/E,N/E,N/E,N/E,N/E,N/E,N/E,N/E,N/E,N/E,N/E,N/E,N/E,N/E,N/E,N/E,N/E,N/E,28.6,71148.4
01/12/2008,1655196.4,1634590.8,442446.8,286282.5,842837,63024.5,20605.6,1655196.4,442446.8,271240.6,N/E,N/E,60850.2,N/E,N/E,110356,306885.4,35005.7,271879.7,842839.6,N/E,N/E,N/E,N/E,N/E,N/E,N/E,N/E,N/E,N/E,N/E,N/E,N/E,N/E,N/E,N/E,N/E,N/E,1054.5,63024.5
01/01/2009,1688257.3,1667898.7,440021.1,290964.6,888740.2,48172.8,20358.6,1688257.3,440021.1,265072.1,N/E,N/E,60647.6,N/E,N/E,114301.4,311320.6,37638.3,273682.2,888742.8,N/E,N/E,N/E,N/E,N/E,N/E,N/E,N/E,N/E,N/E,N/E,N/E,N/E,N/E,N/E,N/E,N/E,N/E,23913.8,48172.8
01/02/2009,1685668.2,1665545.1,423166,292693.4,901327.6,48358.1,20123.2,1685668.2,423166,250106.4,N/E,N/E,60063.1,N/E,N/E,112996.5,312814.2,37690.6,275123.6,901330,N/E,N/E,N/E,N/E,N/E,N/E,N/E,N/E,N/E,N/E,N/E,N/E,N/E,N/E,N/E,N/E,N/E,N/E,23860.1,48358.1
01/03/2009,1657750.3,1637976,416774.6,296629.3,878264.7,46307.4,19774.3,1657750.3,416774.6,244841,N/E,N/E,59649.8,N/E,N/E,112283.8,316401.2,38394.5,278006.7,878267.1,N/E,N/E,N/E,N/E,N/E,N/E,N/E,N/E,N/E,N/E,N/E,N/E,N/E,N/E,N/E,N/E,N/E,N/E,22373.1,46307.4
01/04/2009,1643760.2,1624033.1,407838,297820.7,873178.6,45195.8,19727.1,1643760.2,407838,239760.6,N/E,N/E,56618,N/E,N/E,111459.5,317545.5,38723.9,278821.6,873180.9,N/E,N/E,N/E,N/E,N/E,N/E,N/E,N/E,N/E,N/E,N/E,N/E,N/E,N/E,N/E,N/E,N/E,N/E,35255.2,45195.8
01/05/2009,1627576.5,1608139.1,398976.4,300088.3,863724.9,45349.4,19437.4,1627576.5,398976.4,231003.9,N/E,N/E,58769.1,N/E,N/E,109203.4,319523.6,38896,280627.5,863727.1,N/E,N/E,N/E,N/E,N/E,N/E,N/E,N/E,N/E,N/E,N/E,N/E,N/E,N/E,N/E,N/E,N/E,N/E,32584.6,45349.4
01/06/2009,1618731.2,1599403.1,394834.2,302172.6,857972.8,44423.4,19328.2,1618731.2,394834.2,227155.4,N/E,N/E,57842.8,N/E,N/E,109836,321498.5,39528,281970.5,857975.1,N/E,N/E,N/E,N/E,N/E,N/E,N/E,N/E,N/E,N/E,N/E,N/E,N/E,N/E,N/E,N/E,N/E,N/E,34474,44423.4
01/07/2009,1619663.3,1600823.1,390279.6,304721.6,861966.3,43855.6,18840.3,1619663.3,390279.6,222288.6,N/E,N/E,56922.2,N/E,N/E,111068.7,323559.6,39692.5,283867.1,861968.6,28489.4,5937.3,1280.3,171242.5,214965.4,50850.6,25358.7,30753.5,16179.9,14641.9,77180.8,143649.8,21875.2,40847.2,61373,42773.2,31370.9,73566.7,24597.8,43855.6
01/08/2009,1599841.9,1581166.4,387690.6,299807.6,849963.4,43704.9,18675.5,1599841.9,387690.6,220241.4,N/E,N/E,56346.7,N/E,N/E,111102.5,318480.8,38316.8,280164,849965.6,27896.7,6366.5,1318.9,173708.8,210163,50238.5,23472.4,29101.8,14058,16854.1,76438.1,139170,22023.4,40282.8,60682,43027.8,32709.6,71571.6,21044.7,43704.9
01/09/2009,1614633.5,1596081,382992,303941.2,865992.1,43155.7,18552.5,1614633.5,382992,217163.8,N/E,N/E,55724.7,N/E,N/E,110103.5,322491.6,39570.8,282920.8,865994.2,27969.9,5962,1352.4,179178.3,217190.7,49903.6,23866.7,29609.1,19865.3,15720.4,78225.7,141514.4,22474.9,39310.1,58383.5,43457.4,34072.2,74363.1,20765.3,43155.7
01/10/2009,1609417.3,1591039.3,380910.6,306687,861394.1,42047.7,18377.9,1609417.3,380910.6,213628.7,N/E,N/E,55130.7,N/E,N/E,112151.3,325062.8,39570.4,285492.4,861396.2,27088.2,6055,1369.8,180081.6,212666.2,49406.3,23576.7,30133.2,18425,13950.3,77174.8,138491,22514.1,42567.7,60251.3,43956.6,32853.6,72821.4,20679.7,42047.7
01/11/2009,1616824.4,1613996.9,381323.1,322652.7,867467.2,42553.8,2827.5,1616824.4,381323.1,213678.4,N/E,N/E,54645.7,N/E,N/E,112999,325478.2,39330.2,286148,867469.3,30192,6961.6,1412.4,180545,212541,50032.5,24272.8,29265.4,18333.8,15529.4,75107.1,142204.2,22399.3,40563.5,58245.2,45237.1,31828.6,73942.7,21396.8,42553.8
01/12/2009,1628450.2,1625889.5,374826,328429,882380.5,40254,2560.7,1628450.2,374826,207788.3,N/E,N/E,54316.8,N/E,N/E,112720.9,330987.6,42518.4,288469.2,882382.6,28181,7881.8,1430.9,177205,214625.9,47867,24016.1,32067.9,19169.8,16248.2,75257,142175.2,22699.1,40239.3,65348.1,51265.1,33348.5,75083.8,22898.9,40254
01/01/2010,1624985.5,1622426.2,371899.6,332695.1,876907.1,40924.5,2559.4,1624985.5,371899.6,204245.5,N/E,N/E,53810.7,N/E,N/E,113843.4,335252.4,44761.1,290491.2,876909.1,30818.6,7668.6,1606.6,176097.7,219394.7,48395.4,25250.7,31990.9,19008.1,16149.9,78599.7,142333.4,22639.8,38170.4,62410.7,47988.8,31729.1,73106.9,22944.1,40924.5
01/02/2010,1627700.3,1625157.3,370401.2,334725.6,879052.4,40978.2,2543,1627700.3,370401.2,201689.9,N/E,N/E,53513.6,N/E,N/E,115197.7,337266.5,45103.4,292163.1,879054.5,30120.5,10759.8,1588.3,176348.7,215762.5,48463.8,22801.6,32080.5,19164,15443,77809.5,140296.4,23701.8,37829.4,61023.7,52852.5,31594.6,73559.8,23616.7,40978.2
01/03/2010,1627935.2,1625402.7,368747,337022.9,878624.6,41008.2,2532.5,1627935.2,368747,197891.7,N/E,N/E,53049.2,N/E,N/E,117806.1,339553.3,45922.1,293631.2,878626.6,30185.8,10377.3,1591.8,177873.7,210227.4,43486.6,21500.1,31457.3,18779.8,14921.4,80082.2,142566.4,23679.9,41307.2,62888.6,46835.1,31489.4,75911.3,23692.7,41008.2
01/04/2010,1629850.8,1627317.5,369617.5,339367.3,876650.2,41682.6,2533.4,1629850.8,369617.5,197397.2,N/E,N/E,52399.2,N/E,N/E,119821.1,341898.6,46604.3,295294.3,876652.2,29662,10387,1653.7,177752.4,211269.4,44885,20925,30416.4,14862.8,15094.5,85085.6,141679.4,24368.6,41440.8,64452.1,47684.1,31886.3,70195.8,24220.4,41682.6
01/05/2010,1648382.8,1645871.3,369583.4,341683.7,893411.1,41193.1,2511.6,1648382.8,369583.4,196708.3,N/E,N/E,51658.2,N/E,N/E,121216.9,344193.2,47523.3,296669.9,893413.1,30641,13420.1,1637.3,182574.8,216664.2,45976.7,20720.1,31059.1,16087.6,15308.1,87512.6,139661.7,24517.5,40870,65293.8,50746.6,31581.7,70153.8,25650.6,41193.1
01/06/2010,1659057.9,1656571.8,375556.5,344515.4,898075.2,38424.7,2486.1,1659057.9,375556.5,195484.8,N/E,N/E,55189.9,N/E,N/E,124881.8,346999.5,48388.1,298611.5,898077.2,30475.6,11835.7,1643.9,183757.5,217445.6,45691.5,21429.9,31181.4,16490.6,14197.1,88455.2,143246,24554.1,39281,68393.4,52070,31196.3,69218.8,24959.3,38424.7
01/07/2010,1660117.1,1657638,377368.8,348152.4,893541.7,38575,2479.2,1660117.1,377368.8,195119.4,N/E,N/E,54692.7,N/E,N/E,127556.7,350629.6,49562.3,301067.4,893543.7,30086,13326.8,1686.2,186346,212589.8,39895.5,21715.4,31549,14535.7,14965.1,89929,145918.1,24422.3,33067.7,68125.3,51371.6,30768.6,69448.2,26389,38575
01/08/2010,1680598.2,1678143.5,382172.5,349755.6,908379.5,37836,2454.7,1680598.2,382172.5,197127.1,N/E,N/E,55059.8,N/E,N/E,129985.6,352208.3,49249.2,302959.2,908381.4,29965.3,13021.3,1763.8,189925,219779.8,40486.8,20727.2,32375.6,15012.1,15904.9,95273.2,146794.8,23530.4,33564.2,70523.7,51304.3,31707.9,69650.4,26850.7,37836
01/09/2010,1706919.5,1704487.4,385187,352065.3,929684.9,37550.3,2432.1,1706919.5,385187,198166.9,N/E,N/E,55357,N/E,N/E,131663.1,354495.4,49213.2,305282.2,929686.9,30173,10953.4,1828.5,194687.6,224976.4,43226.5,20135.2,32191.8,16116.5,15032.3,98274.1,156401,23749.1,35515.3,69989.4,53473,30941.9,69008.1,27990.3,37550.3
01/10/2010,1731476.4,1729085.9,390180.3,354820.1,945970.9,38114.6,2390.5,1731476.4,390180.3,199177.7,N/E,N/E,55389.7,N/E,N/E,135612.8,357208.7,48618.2,308590.5,945972.8,30885.7,10437.6,1856.4,199522.7,228772.9,43434.2,22849.7,32612.4,18145.5,15751.6,95979.5,161000.6,23376,33994.9,72808.6,53210.1,30912.9,71090.9,28103.7,38114.6
01/11/2010,1754623.5,1752628,397890.1,361273.1,955035.3,38429.4,1995.5,1754623.5,397890.1,203585.2,N/E,N/E,55805.8,N/E,N/E,138499.1,363266.7,52523.2,310743.5,955037.2,31052.1,10768.6,1875.7,200221.3,230064.5,45509.2,22690.2,32791.4,18896.3,15151.9,95025.5,165413.5,23446,30854.2,74010.6,55021.6,31088.2,73594.9,27626,38429.4
01/12/2010,1769776.2,1763927,400617.3,362959.7,963945.6,36404.5,5849.2,1769776.2,400617.3,202535.7,N/E,N/E,57392,N/E,N/E,140689.6,368806.9,53586.2,315220.8,963947.5,32110.9,11632,1863.2,200846.4,232371.5,47852.5,24212,31836.2,21228.5,15244.4,91997.9,170295.5,24058.8,30324.2,75203.8,54454.4,31466.4,71227.2,28093.3,36404.5
01/01/2011,1775819.5,1771279.7,403394.1,359227.6,973076,35582,4539.8,1775819.5,403394.1,201471.7,N/E,N/E,58478.1,N/E,N/E,143444.3,363767.4,55843.4,307924.1,973076,31536.3,11976.8,1657.4,202335.8,233897.9,48801.1,25535.5,32109.8,20228.2,14828.5,92394.9,173223,22509.6,30523.1,77199.6,56148.7,31430.5,70609.8,30027.3,35582
01/02/2011,1795682.9,1791131.1,407506.3,361302.2,987156.9,35165.7,4551.8,1795682.9,407506.3,200678.2,55270.1,63833.3,58813.9,54975.1,3838.8,28910.8,365853.9,56028,309826,987156.9,31794.7,14034.6,1717,202658.8,243803.8,47156.5,26736,41643.5,21237,15419.3,91611.5,171651.6,22839.5,31861.5,77163.6,56507.2,30891.3,72796,29437.2,35165.7
01/03/2011,1821492.8,1816922.5,413958.6,365460,1003299.1,34204.8,4570.3,1821492.8,413958.6,200329.3,57643.5,67090.6,59479.8,55568.4,3911.4,29415.4,370030.3,56937.4,313093,1003299.1,32828.9,13173.1,1878.7,202786.5,243560.4,46237.4,27693.3,38933.4,22192.2,15080.2,93423.9,173621.8,23477.5,40813.7,77356.6,57868.6,30406,75352.2,30175.1,34204.8
01/04/2011,1848269.3,1843696.5,423182.2,368035.9,997149.3,55329.1,4572.8,1848269.3,423182.2,203386.3,67380.1,62988.8,59638.3,55874.7,3763.6,29788.7,372608.7,57059.4,315549.3,997149.3,31996.6,12739.9,1941.6,204761.8,234206.3,40057.7,27284.4,36511.9,21175.1,14350.6,94826.6,176884.9,23548.2,40853.9,78581,57721.2,29899.1,73171,30844,55329.1
01/05/2011,1857979.4,1853417,428459.2,388365.7,1005273.1,31319,4562.3,1857979.4,428459.2,204820,70456.8,64725.5,58360.1,54637,3723,30096.9,392928,57985.2,334942.9,1005273.1,32369.7,12991.9,2091.3,203662.5,240718.4,41118.3,27032,36853.9,21522.6,14555.8,99635.8,174469,23674.3,38964.7,81305.5,58354.3,30374,75411.8,30885.7,31319
01/06/2011,1871669.4,1867138.7,437076.1,391413.3,1006745.9,31903.4,4530.7,1871669.4,437076.1,207074.2,74272.9,65869.7,58961.4,55275.1,3686.3,30897.9,395944,61594.2,334349.8,1006745.9,33667.4,10878.4,2172.9,204370.5,234900.1,40818.5,27428.8,36806.4,24711.7,14507.2,90627.5,184434.8,23270.6,38650.7,80839.5,57882.4,30634.4,75568.3,29475.8,31903.4
01/07/2011,1900927.7,1896379.4,445565.7,393262.1,1023261.2,34290.4,4548.3,1900927.7,445565.7,210238.2,79399,63558.9,57229.5,55455.2,1774.2,35140.2,397810.4,61118.6,336691.9,1023261.2,33425.9,14072.2,2258.4,207516.5,238325.6,39351.8,29907.9,36581.4,25301.8,14929.9,92252.8,186810.9,23960.6,39195.3,81358.8,58865.6,31160.8,76184.3,30126.2,34290.4
01/08/2011,1918683,1914114.1,455200.2,395478.1,1029431.7,34004.2,4568.8,1918683,455200.2,213852.3,82382.1,65784.1,57547.6,55844.5,1703.2,35634.1,400046.9,61704.8,338342.2,1029431.7,32622.6,15636.2,2238.6,210853.8,244367.7,41090.1,31928.6,37619.5,26373.6,14093.8,93262.3,184257.6,24126.1,40516.2,84277.5,58345.7,32420.8,73885.8,25883.3,34004.2
01/09/2011,1970288.6,1965712.7,465863.4,398984.9,1065736.2,35128.2,4575.9,1970288.6,465863.4,216908,85288,68368.5,59707.9,58085.4,1622.4,35591.1,403560.8,62616.9,340943.9,1065736.2,33734.4,12621.8,2339.2,216498.7,257914.8,42949.4,32004,40630.2,26843.9,15290.8,100196.4,193828,26113.3,42181.3,84141.2,61409.8,34585.8,73020.2,27347.7,35128.2
01/10/2011,1972265.9,1967666,474124,402148.5,1058020.1,33373.3,4600,1972265.9,474124,220531.8,87832,70032.4,59787,58118,1668.9,35940.8,406748.5,63007.9,343740.6,1058020.1,35040.3,14717.9,2475.4,214025.6,250446.8,43638.3,31593.9,38727.7,25575.8,15932,94979.2,195546.3,25968,40858.3,83409.1,59555,34177.6,75139.7,26675,33373.3
01/11/2011,2021025.4,2016399.3,492065.6,406658.8,1082859.3,34815.7,4626,2021025.4,492065.6,230002.8,90472,74099.6,60586.2,59102.7,1483.5,36905.1,411284.9,62691,348593.9,1082859.3,37420.5,14050.7,2487.2,218907.1,259452.4,49139.3,31983.6,38779.7,25182.1,16351.9,98015.8,201837.6,25957.2,40880.2,85076.8,58776.8,34838,75283.1,27906.7,34815.7
01/12/2011,2067077.1,2062404.8,497732.7,410800.4,1117218.8,36652.9,4672.3,2067077.1,497732.7,229096.7,92088.1,76525.2,62504.5,61011.3,1493.3,37518.1,415472.7,62960.5,352512.2,1117218.8,39368.3,13087,2474.2,221987.7,265290.2,51285.5,33129.2,39573.8,25139.2,17656.8,98505.7,204943.2,28196.8,46561.9,90919.8,59710.7,37527.5,76146.7,31005,36652.9
01/01/2012,2053662.2,2048939,500834.3,414685.8,1098825.8,34593,4723.3,2053662.2,500834.3,228767,93444.1,77989.8,63502,62020.3,1481.7,37131.4,419409.1,65844.2,353564.9,1098825.8,39018.7,12341.9,2480.4,220844.6,256518.2,49202.4,31946.6,39135.3,23667.7,15965.7,96600.4,200049.8,27631,44661,94218.2,60250.1,36099.5,74388,30324.5,34593
01/02/2012,2059132.2,2054378.4,507051.1,416905.6,1095622.1,34799.6,4753.8,2059132.2,507051.1,229188.8,96102.9,80567.9,63919.1,62413,1506.2,37272.3,421659.4,65731,355928.4,1095622.1,38378.8,11991.9,2539.5,219273.4,249975.9,43601,33754.4,38434.1,23559.7,16103.3,94523.5,203119.5,28045.5,44112.4,95327.9,61416.2,36247,74195.7,30998.3,34799.6
01/03/2012,2092690,2087935,515554.5,421855.7,1112226.9,38297.9,4755,2092690,515554.5,230486.8,99593.3,83567.4,64349.1,62813,1536.1,37557.9,426610.7,66735.9,359874.8,1112226.9,39565,12526,2915.4,224601.7,253286.1,42096.3,33923.3,37241.5,25319.2,15300.5,99405.2,210072.5,27945.6,41623,93786.8,62658.9,37004.2,72381.1,33860.8,38297.9
01/04/2012,2103185.7,2098433.1,524196.9,422693.1,1113407.2,38135.9,4752.6,2103185.7,524196.9,234751.1,101334.4,86103.1,64667.5,63091.2,1576.3,37340.8,427445.8,66655.2,360790.6,1113407.2,38907.2,12792.3,2722.8,226296.3,251580.4,43168.2,31612.3,35537.7,24943.6,15631.8,100686.7,211799.1,27794.8,40609.7,93622.3,63104.5,36667.9,73598.2,33911.6,38135.9
01/05/2012,2155558.7,2150824.2,530665.4,426369.6,1155715.4,38073.8,4734.6,2155558.7,530665.4,236172.6,104090.6,87863.3,65234.3,63540.9,1693.5,37304.6,431104.1,66424.7,364679.5,1155715.4,40269,17408.6,3004.3,235131.6,267654.1,47438.6,33976.2,37274.2,25836.8,16314.6,106813.7,214332.6,27242.9,42549.2,96653.5,62951.7,38275.2,74475.8,35767,38073.8
01/06/2012,2171537.1,2166804.4,540633.7,430158,1156918.5,39094.3,4732.7,2171537.1,540633.7,239425.4,106825.5,90866.6,65879,64099.8,1779.2,37637.2,434890.7,66353.4,368537.3,1156918.5,41818.6,18118.5,3981.4,239349.2,261804.8,47108.8,36157.9,33669.6,26110.3,15821.6,102936.6,217876.5,27322.5,42706.1,94648.6,59856.5,37130.2,76889,35416.7,39094.3
01/07/2012,2185346.3,2180581.5,550131.5,433062.7,1159261.5,38125.8,4764.9,2185346.3,550131.5,243488.6,108111.9,93669.5,66305.7,64391.8,1913.8,38555.7,437827.6,67298.9,370528.7,1159261.5,41407.3,19050.7,4103.2,240684.4,267153.8,49021.4,36498.1,33621.3,30471.6,16081.8,101459.5,209360,29782.5,44244,94788.5,53504.5,38754.6,80898,35530,38125.8
01/08/2012,2200290.4,2195503.4,562081.9,436081.4,1158325.5,39014.7,4787,2200290.4,562081.9,247383.4,110194.2,98068.8,67774.1,65714.9,2059.2,38661.4,440868.4,67532.1,373336.3,1158325.5,41859.1,20926.4,4523.1,241049.7,260111.9,46952.6,34531.9,34229.9,29605,16116.7,98675.8,212733.2,31497,40071.8,91493.2,54059.2,38715.7,85424.1,35861.5,39014.7
01/09/2012,2229782.3,2224971.9,571300.4,440739.3,1172250.3,40681.9,4810.4,2229782.3,571300.4,251276.2,112018.9,101160.9,67898,65715,2183,38946.3,445549.8,67930.2,377619.6,1172250.3,42556.4,19984.4,4613.7,246116.5,259710.3,47444,34378,32815.5,30010.9,17289.2,97772.7,219760.6,31697.7,39420.6,92658.5,54498.4,38178.7,85400.6,37653.9,40681.9
01/10/2012,2243406.3,2238600.4,579926.3,442830,1177560.4,38283.7,4805.9,2243406.3,579926.3,255061.2,112275.5,104360.7,68916.2,66617.8,2298.3,39312.9,447635.9,67593.1,380042.8,1177560.4,44038.8,20549.2,4707.9,248629.7,255216.4,45032.1,34502.6,28601.9,29388.2,18785,98906.7,222190.6,31884.9,38734.9,93010.4,53987.6,39005.7,86846.9,38757.3,38283.7
01/11/2012,2285712.8,2280879.3,596586.8,447043.9,1194907.3,42341.4,4833.5,2285712.8,596586.8,266579.5,112513.1,107372.2,69788.4,67338.5,2449.9,40333.6,451877.4,68475.7,383401.7,1194907.3,45718.2,20119.8,4774.2,250610.2,257100,50382.7,31973.4,28608,29417.9,17386.4,99331.4,227249.2,32356.4,38577.4,96399.6,55079.1,36096.4,91227,39600,42341.4
01/12/2012,2307306.4,2302451.5,597935.6,451711.7,1212257.4,40546.7,4854.9,2307306.4,597935.6,266933.4,112844.8,107533.4,70838.4,68215.4,2623,39785.6,456566.6,69059,387507.6,1212257.4,47666.8,23521.5,4853.8,256671.5,262851.7,51352.6,32407.7,28023.8,30068.2,17655.4,103344.1,226348.3,36981,32917.8,98415,54579.3,35528.5,90841,41081.3,40546.7
01/01/2013,2306667.4,2301796.7,599247.1,456488.8,1205711.7,40349.1,4870.7,2306667.4,599247.1,266388.5,113087,108473.1,71767.1,69048.6,2718.5,39531.5,461359.6,72741.8,388617.8,1205711.7,48235.6,23440.7,5355.7,256209.8,261209.2,52106.1,31658.8,28541.1,29136.3,17521.2,102245.7,227074.6,36100.3,32014.4,96963,54809.4,35436.6,89025.3,39837.1,40349.1
01/02/2013,2315184.2,2315184.2,602543.9,458192.4,1216426,38022,0,2315184.2,602543.9,266242.1,114442.9,109606.4,72185,69423.9,2761.2,40067.4,458192.4,72554,385638.4,1216426,47540,23467.8,5408.4,253628.7,260545.3,47963.1,32184.6,27972.3,30392.6,17533.9,104498.8,233362.5,40526.6,32031.8,97785.4,56614.7,34562.3,90955.9,39996.7,38022
01/03/2013,2326059.7,2326059.7,608507.7,463394,1213585.9,40572.1,0,2326059.7,608507.7,267183.9,116356.8,111939.9,72463.3,69650.7,2812.6,40563.7,463394,73719.6,389674.4,1213585.9,47698.9,22116.8,5612.3,256094.6,258481,46470.7,31177.1,28800.7,35869.1,16376.7,99786.7,236220.1,38043.1,31801.3,95277.5,57807,33773.7,89784.4,40875.1,40572.1
01/04/2013,2342011.8,2342011.8,613551.5,465658.3,1221714.6,41087.3,0,2342011.8,613551.5,269921.6,117822.9,113361.1,72762.2,69929.3,2832.9,39683.8,465658.3,74662.5,390995.8,1221714.6,46685.7,19659.6,5715.3,257436.6,262780.6,47511.6,31300.4,29025.4,35793.1,16171.6,102978.5,238413.2,35626.4,40460.9,96555.8,58666.4,34132.5,85445.1,40136.4,41087.3
01/05/2013,2361677.1,2361677.1,618245.5,470570.8,1234478.9,38381.9,0,2361677.1,618245.5,271322.7,119094.2,114869.8,73192.7,70355.2,2837.5,39766,470570.8,76088.5,394482.3,1234478.9,48007.8,19451.9,5825.1,248228.8,275634.4,53779,32050.7,29693.1,38780.4,16055.4,105275.9,241415.1,38287.9,43479.9,99557.3,57552.5,34464.5,81273.2,41300.4,38381.9
01/06/2013,2380851.5,2380851.5,627371.7,470100.9,1242645.5,40733.3,0,2380851.5,627371.7,275433.7,121395.1,116170.3,73609.2,70844.7,2764.5,40763.5,470100.9,75754.8,394346.1,1242645.5,50919.7,20983.2,5814.3,243921.4,271836.1,52261.3,30677.6,29651,37697.2,15739.3,105809.8,244581.4,38942.5,43633.6,101261.9,57467.9,31951.2,89627.8,41704.7,40733.3
01/07/2013,2398023.3,2398023.3,636009.7,474679.4,1248169.1,39165.1,0,2398023.3,636009.7,278666,124307.5,118392.4,73957.8,71255.7,2702.1,40685.9,474679.4,77143.3,397536.1,1248169.1,47517.7,21695.1,6048.7,240041.2,275816.3,53587.2,31981.9,31113,37206.9,15762.5,106164.8,251906.2,37800.5,54930.6,103894.9,54002.2,32803.6,79985.3,41726.8,39165.1
01/08/2013,2431172.8,2431172.8,646253.1,479672.7,1267522.5,37724.4,0,2431172.8,646253.1,282309.7,128119.7,120649.8,74745.5,72120.5,2625,40428.5,479672.7,77619.2,402053.5,1267522.5,47612.1,20832.5,6053,239708.8,286585.6,53482.3,31508.3,31681.3,39022.6,17169.4,113721.8,250644.9,41512.1,56042.1,108613.7,54137,33005.7,80598.4,42176.6,37724.4
01/09/2013,2439881,2439881,650554.1,483829.2,1267113,38384.7,0,2439881,650554.1,284140.8,128916.8,122336.1,74959.3,72413.7,2545.6,40201.1,483829.2,78758.5,405070.7,1267113,48990.2,20074.2,6157.5,245465.5,290912.2,55379.3,31985.8,31157.3,40860,16935,114594.8,254553.1,41696.5,39512.5,110903.2,54830.7,33522.3,78199.9,42295.3,38384.7
01/10/2013,2460630.6,2460630.6,656278.3,485702.4,1282534,36115.8,0,2460630.6,656278.3,285883,131035.3,123856.8,75284,72774.1,2510,40219.1,485702.4,76429.3,409273.1,1282534,46584.7,19349.1,7073.6,243235.2,285329.5,51963.2,30169.8,31203.6,40105.6,17120.4,114766.9,264312,41836.1,39564.4,119251.8,56070.8,34877.5,83300.8,41748.7,36115.8
01/11/2013,2503032.8,2503032.8,671275.6,492714,1300264.5,38778.7,0,2503032.8,671275.6,296957.3,132779.7,125729.8,75513.3,72986.5,2526.8,40295.5,492714,77706.7,415007.3,1300264.5,49287.8,16485.9,6386.7,251498.2,287094.9,51021.7,32845.5,31648.8,40311.6,19018.2,112249.1,271874.7,42533,30853.9,123555.7,50504.3,35024.4,91338.5,43826.5,38778.7
01/12/2013,2534640.3,2534640.3,664354.3,507202.4,1318403.1,44680.5,0,2534640.3,664354.3,292577.6,131243.9,124313.8,76378.3,73866.6,2511.7,39840.6,507202.4,86586.2,420616.2,1318403.1,51537.6,15973.4,6258.6,245359.7,293900.1,56698,33834.2,31808.6,39116.8,21206.3,111236.2,265696.5,44568.7,31803.9,121590.5,63315.1,35883.3,98004.8,44510.7,44680.5
01/01/2014,2520820.5,2520820.5,660913.7,511673.6,1305471.2,42762.1,0,2520820.5,660913.7,289281.8,131236,123585.2,76971.3,74462.8,2508.5,39839.4,511673.6,89435,422238.6,1305471.2,51221.5,16393.4,6166.5,244371.4,292792.4,55624.3,34351.8,32793.1,39566.3,19502.5,110954.5,265758.3,45328.7,31314,117920.5,63719.5,35666.1,91431.1,43387.8,42762.1
01/02/2014,2521538.5,2521538.5,663399.2,514356.1,1301979.5,41803.7,0,2521538.5,663399.2,287141.3,133923,125086.1,77170.4,74607.4,2563,40078.4,514356.1,88723.4,425632.6,1301979.5,51314.1,15595,6242.6,243177.5,288822.1,55247.6,33909.1,32176.6,39431.1,19572.9,108484.7,269741,47403.4,31116.4,114424.5,64218.2,35127.4,92862.1,41935.4,41803.7
01/03/2014,2531027.3,2531027.3,665316.4,522572.9,1300944.2,42193.8,0,2531027.3,665316.4,286211.6,136330.6,130315.5,77038.6,74256.8,2781.7,35420,522572.9,89900.4,432672.5,1300944.2,51538.8,15462.3,6309.6,238226.5,282976.8,53333,33702.7,32584.5,42340,17054.1,103962.6,278374.9,47797.6,31139.8,114490.3,67670,35482.7,88972.8,42502.3,42193.8
01/04/2014,2545305,2545305,669693.4,524255.9,1310833.3,40522.5,0,2545305,669693.4,288122.3,138500.3,131199.3,76948.6,73869.6,3079,34922.9,524255.9,88748.6,435507.2,1310833.3,51549.4,15800.4,6591,240152.1,286710.8,52536.4,34990,34022.7,42069.3,17828.1,105264.3,279088.1,45880.3,30938.5,116707.7,67365,36590.2,91571.7,41888.2,40522.5
01/05/2014,2591178.9,2591178.9,674573.7,530916.6,1343562.9,42125.6,0,2591178.9,674573.7,288304,140896,132684.2,77039,73563.5,3475.5,35650.4,530916.6,81222.3,449694.3,1343562.9,52184,14545.4,6817.7,239537.3,294163.9,58063.4,35344.1,32275.1,42859.4,18737.2,106884.6,289814.7,45662.2,31038.2,117998.2,68983.1,46109.4,93867,42842,42125.6
01/06/2014,2597152.6,2597152.6,679552.8,533408.5,1342994.9,41196.3,0,2597152.6,679552.8,289238.7,143896.4,133927.3,77004.5,73227.8,3776.7,35486,533408.5,80616.1,452792.4,1342994.9,51822.9,13778.3,6885.7,239015.9,294327.8,55831.1,34258.2,30332.7,44346.1,19972.4,109587.4,294196.1,47816.1,31849.9,116121,65525.9,40832.3,96603.9,44218.9,41196.3
01/07/2014,2605918.7,2605918.7,684678.3,532501.8,1347143.3,41595.3,0,2605918.7,684678.3,289535,147753,135054.8,77037.3,73009.2,4028.2,35298.2,532501.8,77792.3,454709.5,1347143.3,51178.5,15616.8,6979.3,238709.7,297992.9,54906,33128.6,30641.1,43068.1,22074.7,114174.4,296992.4,48696.8,32441.9,112529.7,66219.6,41487.3,95816,42482.4,41595.3
01/08/2014,2625665.2,2625665.2,693617.2,537300,1355306.4,39441.5,0,2625665.2,693617.2,293774.5,151310.4,136166.8,77284.1,73033.3,4250.8,35081.4,537300,77369.2,459930.8,1355306.4,47963.6,15039.3,6905.3,247129.6,299089.3,54724.8,33886.3,30839.5,43809.6,21166.9,114662.1,288639.2,48647.4,36550.4,114361.6,73604,40317.3,94564.4,42495,39441.5
01/09/2014,2637601.5,2637601.5,697999.8,542074.1,1358720.6,38807,0,2637601.5,697999.8,294055.9,153871.6,136642,77574.3,73148.7,4425.6,35855.9,542074.1,78298.8,463775.3,1358720.6,48375.7,15041.6,6913.1,247704.8,305243.4,54603.7,32859.1,32046.2,44855.1,22815.3,118064.1,287967.5,52626.2,31872.4,116719,70710.3,39737.7,92316.3,43492.5,38807
01/10/2014,2661677,2661677,701076.5,546119.2,1374639.4,39841.8,0,2661677,701076.5,294580.7,156247.1,136934.8,77901.6,73238.5,4663.1,35412.4,546119.2,77216.6,468902.6,1374639.4,48814.5,17048.1,6954.8,249729.3,306271.6,54650.7,33623.7,34527.5,44173.3,20486.5,118809.9,292478.4,51509.7,32344.2,120087.5,71500,41643.9,92509.2,43748.2,39841.8
01/11/2014,2713238.2,2713238.2,712789.5,552474.4,1398199.4,49774.8,0,2713238.2,712789.5,304445.4,158053,136390.2,79010.6,73866.9,5143.7,34890.3,552474.4,77960.4,474514,1398199.4,49459.6,16310.3,6980.7,258024.1,314320.5,55513.1,32221.5,35556.9,46707.6,22290.7,122030.7,297178.2,53654.9,32343.4,119112.3,64941.5,43440.1,96946.7,45487.1,49774.8
01/12/2014,2740556.3,2740556.3,705925.2,556563.8,1426580.7,51486.7,0,2740556.3,705925.2,298023.2,158456.9,133990.1,80599.9,75062.8,5537.1,34855.1,556563.8,77261.6,479302.2,1426580.7,52737.3,18759.9,6988.7,257328,324290.8,56657.9,38765.2,33252.3,47367.8,24647.4,123600.1,293483.6,55837.7,32511.5,123067.3,71055,44185.8,99718.5,46616.6,51486.7
01/01/2015,2755318.4,2755318.4,704744.9,563449.5,1436675.1,50448.9,0,2755318.4,704744.9,295635.9,160104,133772.1,81454.8,75725.9,5729,33778.1,563449.5,80043.9,483405.6,1436675.1,53345.5,28222.9,6888.5,260137.1,324061.9,58242.1,32203.7,35214,46596.6,26755.2,125050.3,300973.1,55510.9,32631.7,122063.5,68064.8,46469.8,93391.7,44913.9,50448.9
01/02/2015,2746732.2,2746732.2,705803.4,564763.4,1428510.1,47655.3,0,2746732.2,705803.4,292993.7,162177.8,134135.9,82042.9,76208.5,5834.4,34453.1,564763.4,79156.4,485607,1428510.1,54380.7,23017.1,6789.6,255957.8,324201.3,59741.8,32285.5,34653.5,47170.1,26338.4,124012,302137.7,54758.5,31787.1,122515.7,61130,46859.6,100072.6,44902.3,47655.3
01/03/2015,2789982,2789982,708771.3,571506.4,1461084.9,48619.4,0,2789982,708771.3,290448.6,165398.7,135866.1,82567.2,76657.3,5910,34490.7,571506.4,80353.2,491153.1,1461084.9,53788,21159.9,6881.5,262825.4,331921.9,56840.5,31861.2,32875,51639.2,33554.3,125151.7,302689.1,51883.5,53939.1,122566.7,63160.1,45578.7,98738.7,45952.3,48619.4
01/04/2015,2825091.5,2825091.5,715119.1,575447.2,1484399.3,50125.9,0,2825091.5,715119.1,292000.2,170167.8,136340,83036.8,77052.2,5984.6,33574.2,575447.2,80186,495261.2,1484399.3,53370.9,21118.5,6896.9,264981.9,327740.3,56583.1,32370.1,32875.3,48938.2,33578.9,123394.7,313211.8,59832.6,63434,116516,65397,46441.2,99464.1,45994.2,50125.9
01/05/2015,2864767.4,2864767.4,720774.1,580412.2,1507415,56166.2,0,2864767.4,720774.1,292976.4,173430.4,136132.5,83651.8,77477.1,6174.7,34583,580412.2,81187,499225.2,1507415,54602.7,22535.6,6964.9,268377.9,334998.3,56683.9,32822.3,33326.2,51534.3,35090.7,125540.8,320192,60521.5,59946.9,117509,62901.3,46839.3,105127.3,46898.4,56166.2
01/06/2015,2866364.3,2866364.3,726029,585945.5,1500965,53424.8,0,2866364.3,726029,294000.8,176349.5,137677.1,84666.1,78362.2,6303.9,33335.5,585945.5,79566.3,506379.2,1500965,56162.8,24455.7,7311,264556.3,342238.7,58010,32857.8,35719.2,52200.5,35109.3,128342,321192,62767.5,43769.1,118146,63190.5,47487.1,101346.1,48342.2,53424.8
01/07/2015,2896054.3,2896054.3,735615.5,591098.8,1515118.2,54221.9,0,2896054.3,735615.5,295333,176210.3,143768.7,85804.7,79416.5,6388.2,34498.8,591098.8,80008.7,511090,1515118.2,55789.7,23802.9,6975.9,267869.7,346730.9,60172.6,34112,37163.9,49403.3,35970.4,129908.7,319673.1,63690.1,45632.2,120763.1,64389.6,48260.9,102353.5,49186.7,54221.9
01/08/2015,2943664.1,2943664.1,748152.2,595223.7,1540802.6,59485.6,0,2943664.1,748152.2,299424.4,180254,146810.2,86577.9,80116.6,6461.3,35085.7,595223.7,78948.1,516275.7,1540802.6,55892.2,25458.8,7104,276228.2,356297.2,60386.1,34719.8,37848.2,49654.9,39048.6,134639.7,317504.8,66295.6,47124.5,120539.7,62436.3,50599.7,105993.1,49328.4,59485.6
01/09/2015,3002677.9,3002677.9,756098.7,601943.1,1587369.2,57266.9,0,3002677.9,756098.7,299715.3,183962.8,149688.7,87197.1,80662.7,6534.4,35534.9,601943.1,79612.5,522330.6,1587369.2,57920.4,25160.8,7166.2,284132.8,369795.1,59051.4,34401.6,36651.4,50135,38765.2,150790.5,326201.5,66860,50329.3,122620.7,64418.9,49640.5,113667.6,49455.3,57266.9
01/10/2015,3029233.5,3029233.5,765076.3,607632,1593566.9,62958.3,0,3029233.5,765076.3,300520.8,188014,152780.3,88049.8,81455.5,6594.3,35711.4,607632,78940.6,528691.4,1593566.9,60084.2,27444.7,7284.7,287212.8,369991.6,59639.8,35550.4,35304.6,51257.7,38307.9,149931.2,331330.3,63640.4,44446.9,124586.8,69607.8,49868.6,108844.2,49224,62958.3
01/11/2015,3083449.5,3083449.5,784492.6,613578.6,1613164.9,72213.5,0,3083449.5,784492.6,314274.8,188685.5,155963.6,89560.1,82527.1,7033,36008.6,613578.6,79302.3,534276.2,1613164.9,61589.3,29769.7,7337.4,287905.1,367543.9,60626.2,35238.4,35319.1,49714.2,37957.3,148688.8,338868.1,63570.4,45860.7,125269.8,68747.8,50798.8,115085.2,50818.6,72213.5
01/12/2015,3141392.1,3141392.1,783723.6,619836.9,1667483.8,70347.9,0,3141392.1,783723.6,310592,188136.2,156673.9,91917.3,84541.5,7375.8,36404.2,619836.9,78180.9,541656,1667483.8,67200.7,33561.1,7230.9,296618.7,375726.6,66811.7,36272.3,35900,50962,38837.1,146943.5,336928.2,69017.6,46546.5,134536.5,75039,52913.7,117979.6,54184.7,70347.9
01/01/2016,3203044.4,3203044.4,786642.4,626394.4,1734098.3,55909.3,0,3203044.4,786642.4,309259.6,190570.2,157483,94614.1,87109,7505.1,34715.5,626394.4,80927.5,545466.9,1734098.3,68270,35985.2,7213.7,299535.3,379964.6,68903.6,35334.9,37989.5,52402.3,38549.1,146785.1,355863.3,70059.8,53757.4,138332.9,74265.7,55393,119880.1,75577.4,55909.3
01/02/2016,3210013.5,3210013.5,789291.2,628006.5,1735690.7,57025.1,0,3210013.5,789291.2,308574.3,192750.3,157866.2,95603.4,88128,7475.3,34497,628006.5,79541.6,548464.9,1735690.7,67361.7,35454.8,7139.4,300670.4,373833.1,64289.5,34200.3,39585.7,53755,37887.9,144114.7,356095.4,70003.4,65913.8,135938.1,74175.6,54479.9,120892.8,73732.4,57025.1
01/03/2016,3191988.4,3191988.4,797579.7,633315.3,1704311.1,56782.4,0,3191988.4,797579.7,308999.7,196877.3,160113.1,96172,88673.5,7498.5,35417.6,633315.3,79827,553488.3,1704311.1,66386.6,34751.4,7207.9,301539.2,362697.1,62722.8,35213.7,35700.9,52068,36540,140451.6,354884.1,69253.7,49848.4,138955.3,72041.4,52539.8,120689.8,73516.6,56782.4
01/04/2016,3216776.3,3216776.3,805122.8,637894.3,1716466,57293.3,0,3216776.3,805122.8,309448.5,200891.6,162013.9,97003.8,89493.8,7510,35764.9,637894.3,78416.2,559478.1,1716466,67021,36214.9,7295.7,307960.7,367355.8,62218.7,35191.7,36320.6,52061.7,37584.5,143978.5,358137.8,70440.1,42161.4,136616.8,74101.2,54658.9,119176.9,75324.9,57293.3
01/05/2016,3273381.1,3273381.1,812914.6,646270.3,1753133.3,61062.9,0,3273381.1,812914.6,311100.1,203785.2,164704.5,97744.9,90080.7,7664.2,35579.9,646270.3,78960.4,567309.8,1753133.3,67045.1,35968.4,7467.5,315492.7,384496.2,63646.9,38419.1,38810.3,54408,40118.6,149093.4,363053.9,70076.5,42447.1,140049.8,72791.1,56806.3,120758.9,76679.9,61062.9
01/06/2016,3329950.4,3329950.4,826130.6,650720.5,1787139.5,65959.8,0,3329950.4,826130.6,314458.8,208252,168644.8,99168.1,91292.1,7876.1,35606.9,650720.5,77358.8,573361.7,1787139.5,68843.9,36906,7767.7,321978.8,390547.7,72533.5,38292.2,37993.1,52150.8,40744.6,148833.4,362018.9,72904.8,44002.7,148256,74773.1,56649.1,122816.6,79674.2,65959.8
01/07/2016,3391687.8,3391687.8,837066,657694.8,1826412.2,70514.9,0,3391687.8,837066,317880.8,210445.5,171912.9,100400.9,92432.1,7968.7,36426,657694.8,77981.1,579713.7,1826412.2,67591.5,36622.9,7738,319347.1,401698.8,76908,39074.4,40284.7,51552.7,41786.4,152092.5,368531.7,80039.9,52607,154668.3,77070.6,57500.6,122715.7,80280.2,70514.9
01/08/2016,3416862.9,3416862.9,847770.6,661027.3,1837239.5,70825.4,0,3416862.9,847770.6,322579.3,212400.6,174036.6,102020,93912.3,8107.7,36734.2,661027.3,76638.1,584389.3,1837239.5,65501.8,36397.2,7755.7,319910.8,399692.6,76406.9,41869,39112.6,49843.7,44802.1,147658.3,364331.2,79360,59934.7,157235.6,79170.4,58191.4,128749.4,81009,70825.4
01/09/2016,3471008.8,3471008.8,855691.6,667743.9,1877495.6,70077.7,0,3471008.8,855691.6,325627.4,213820.4,176162.2,103635.4,95410.6,8224.9,36446.3,667743.9,76925.8,590818.1,1877495.6,65886.3,37723.7,7784.9,322511.2,402416.2,71550.4,42101.5,41213.5,52363.1,44393.4,150794.2,370218.3,80776.5,59474.6,167281.5,90512.3,60719,128183.9,84007.3,70077.7
01/10/2016,3496872.6,3496872.6,864623.1,672165.5,1886376.6,73707.5,0,3496872.6,864623.1,329291.4,215259.6,177924.4,105310.8,96999.1,8311.7,36836.9,672165.5,75531.6,596633.8,1886376.6,65536,35301.2,7771.1,323305.7,404577.6,71538.9,41856.3,42508.9,51640,44123,152910.5,375792.6,77050.6,57849.2,169516.8,88076.6,60490.6,136761.9,84346.9,73707.5
01/11/2016,3607446.6,3607446.6,885605.6,679581.5,1970555.5,71704,0,3607446.6,885605.6,345608.3,215207.5,179290.2,107711.2,98871.2,8840.1,37788.5,679581.5,76099.7,603481.8,1970555.5,69552.4,37782.6,7736.9,330389,426809.8,78681.8,43097.1,42929.2,56468.4,46785.2,158848.1,387441.1,77295.8,54890.6,179104.7,103842.1,65913,142613.8,87183.8,71704
01/12/2016,3612212.9,3612212.9,879307.2,686717.3,1968056.8,78131.6,0,3612212.9,879307.2,339767.2,212964.8,178461.6,111471.9,102332.6,9139.3,36641.7,686717.3,74945.9,611771.4,1968056.8,74905.1,38102.7,7768.7,316325.7,440485,79762.9,43259.6,51689.5,56027.6,47733.6,162011.8,378472.9,85664.9,46726.9,179415,98258.7,65681.1,145658.6,90591.6,78131.6
01/01/2017,3608007.1,3608007.1,878035.4,692459.2,1962736.5,74776,0,3608007.1,878035.4,337102.8,213445.2,178154.7,113772.5,104479.4,9293.1,35560.2,692459.2,77208.5,615250.7,1962736.5,75052.6,35449.3,7568.4,319407.6,438510.3,77256,42938,55125.6,57062.5,46968.5,159159.6,378497.9,84793.9,42706.2,183324,97695.1,65771.8,143820.3,90139.2,74776
01/02/2017,3621479.1,3621479.1,880686.9,695869,1969221.6,75701.7,0,3621479.1,880686.9,336363.9,214196,179600.2,115154.6,105766.7,9387.8,35372.2,695869,75421.1,620447.9,1969221.6,72549,34018.9,7457.6,318457.2,436660.6,75160.5,41916.9,46519.8,56517.5,48361.4,168184.4,386112.6,87091.8,47299.1,180124.6,99420.5,65279.2,145350.1,89400.5,75701.7
01/03/2017,3670570.5,3670570.5,886144.8,703233.9,1998423.7,82768.1,0,3670570.5,886144.8,334819.8,216115.5,182674.3,116788.2,107282,9506.3,35747,703233.9,75865.8,627368.1,1998423.7,71776,32240.6,7428.3,321247.2,439172.9,75430.1,38386.5,44809.6,61251,45044.2,174251.4,395601.5,86271.8,54268.2,182234.6,98500.6,63873.9,155039.9,90768.3,82768.1
01/04/2017,3728284.5,3728284.5,894057.7,705363.1,2038108.8,90754.8,0,3728284.5,894057.7,339112.5,217855.4,184090,117799.1,108166.5,9632.6,35200.7,705363.1,74549.2,630813.9,2038108.8,71254.1,33029.1,7460.1,325966.8,455016.2,75582.6,40032.3,47397.5,65112.6,45807.8,181083.4,404765.1,86463,56245.3,190884.3,92042.2,64752.7,158046.8,92183.4,90754.8
01/05/2017,3742866.1,3742866.1,898355,710611.2,2046888.6,87011.3,0,3742866.1,898355,340545.9,218680.5,185585.8,119014.6,109133.7,9880.9,34528.2,710611.2,74853.5,635757.7,2046888.6,71871.5,34056.5,7073.4,330581.2,458080.4,76131,39381,47818.9,63657.4,43519.8,187572.3,420432.3,85589.3,53206.3,188954.6,91978.8,65184.1,145575.1,94305.1,87011.3
01/06/2017,3787249.4,3787249.4,910972.7,714779.5,2075059.9,86437.4,0,3787249.4,910972.7,345475.7,217259.2,192098.4,121071,110879.1,10191.9,35068.4,714779.5,73541.9,641237.6,2075059.9,72973.6,31366.4,7181.7,329956.9,453248.1,77874.4,38225.1,44526.5,62674,46004.3,183943.8,427791.3,104317.7,52622.5,193047.3,93218.9,68461.5,145262.9,95611.3,86437.4
01/07/2017,3820543.1,3820543.1,919834.4,720229.1,2091511.6,88967.9,0,3820543.1,919834.4,348423.8,219317.1,193657.3,123128,112679.4,10448.6,35308.1,720229.1,74076.6,646152.5,2091511.6,72745.1,31658.2,7151,331969.4,452352.8,77482.9,36750.1,44921.4,60009.2,46849.9,186339.3,428629.7,110180.5,57376.3,194273.7,95897.6,69174.9,144403.5,95699.2,88967.9
01/08/2017,3869693.6,3869693.6,928157.5,724121.3,2128066.7,89348.1,0,3869693.6,928157.5,351094.1,221735.6,195859.4,124755.6,114131.4,10624.2,34712.8,724121.3,72676.9,651444.5,2128066.7,72965.7,32435,7128.5,337934.8,467212.6,78248.7,37494.3,49457.2,61878,53480.2,186654.3,427063.1,110960.4,75767.6,191734.8,96303.5,70827,142346.5,95387.2,89348.1
01/09/2017,3893051.1,3893051.1,932040,730225.7,2141901.2,88884.2,0,3893051.1,932040,351825.5,223167.2,196628.8,125767.8,115099.9,10667.9,34650.7,730225.7,73138.6,657087.1,2141901.2,74704.3,31496.1,7181.7,337371.6,477443.7,78256.3,43105,50338.4,63956,57415.9,184372,434823.2,108326.8,62900.9,199200,92764.1,73690.7,143929.6,98068.6,88884.2
01/10/2017,3933352.9,3933352.9,935730.3,733689.9,2182953.5,80979.2,0,3933352.9,935730.3,353912.5,223950.1,196542.5,126757.2,116224.6,10532.6,34568.1,733689.9,71712.3,661977.6,2182953.5,75938.8,33471,7158.4,341935,486413.3,96706.9,44282.4,43696.4,59282.3,61772.7,180672.6,443380.4,108906.4,60245.7,204665.3,90287,78172.5,151860.2,100519.6,80979.2
01/11/2017,3985017.9,3985017.9,958426.5,740321.9,2203275.2,82994.3,0,3985017.9,958426.5,372273.1,223867.9,198984.3,128850.6,118028.5,10822.1,34450.7,740321.9,72024.7,668297.2,2203275.2,79324.1,33726,7148.9,344156.2,487569.5,93184.1,44739.6,47548.3,61992.1,58643.4,181462.1,439979.7,107536.4,67031.5,212018.5,88705.8,77694.2,154368.4,104016.1,82994.3
01/12/2017,4048514.3,4048514.3,951169.4,744881,2266902,85561.9,0,4048514.3,951169.4,365615.4,222095.7,198605,131314.2,120356.6,10957.6,33539.1,744881,70454.5,674426.4,2266902,85822.7,35433.2,7112.5,345141.5,507025.6,98236.3,48330.2,49109.1,65373.5,60955.5,185020.9,434951.8,107457.7,81502.9,216187.2,91884.3,80901.7,164940.9,108539.9,85561.9
01/01/2018,4034583,4034583,950702.6,748770.7,2254783.2,80326.4,0,4034583,950702.6,363589.6,222402.7,198669.3,132990.1,122010.1,10980.1,33050.9,748770.7,71864.6,676906,2254783.2,82126.8,33638.3,7027.6,345319,500980,96326.9,47646.4,51425.4,63792.3,56798.2,184990.8,433749.1,102867.2,84631.6,215364.9,92572.5,78818.4,174201.5,103486.4,80326.4
01/02/2018,4057705.5,4057705.5,953178.9,752590.2,2276951.3,74985.2,0,4057705.5,953178.9,362422,223913,199466.8,134019.5,123090.7,10928.8,33357.6,752590.2,70640.7,681949.4,2276951.3,82077,33569.7,6876.2,353896.3,513685.5,95713.8,50003.9,53244.3,66772.9,59850.5,188100.2,431233.2,108054.7,82156.6,215703.1,91574.5,77941.6,178348.2,101834.7,74985.2
01/03/2018,4076686.5,4076686.5,959160.3,758997.8,2287705.2,70823.2,0,4076686.5,959160.3,362486.9,226527.5,200111.1,135304.4,124446.4,10858,34730.3,758997.8,70256,688741.8,2287705.2,80867.2,34391.5,6917.2,358202.1,509861.8,90499.6,47367.1,56404.9,68027.6,59959.7,187602.9,441377.3,106081.1,85206,219873.9,91031.3,76808.1,171731.9,105355.8,70823.2
01/04/2018,4128439.5,4128439.5,963498.1,763083.7,2329057.7,72800.1,0,4128439.5,963498.1,364251.2,227976,201873.8,136156.8,125410.9,10745.9,33240.3,763083.7,69522.9,693560.8,2329057.7,82155.8,37305,7121.6,368280.1,539761.7,92539.3,53491.9,62631.1,70396.6,59556.7,201146.1,441532.9,106143.6,86493.1,223135.3,77722.4,79992.7,173168.2,106245.3,72800.1
01/05/2018,4216195.7,4216195.7,967873.9,770664.8,2405745.4,71911.7,0,4216195.7,967873.9,365293.8,229143.6,202647.3,137366.9,126557.9,10809,33422.3,770664.8,69779.8,700884.9,2405745.4,84654,40812.8,7312.3,381348,561946.6,98431.7,53130.5,64306.3,72356,62363.5,211358.6,447850.7,108011.5,87675.5,231253.2,78575.2,82859.6,184030.8,109415.1,71911.7
01/06/2018,4273337.5,4273337.5,975697.1,776858.4,2442602.9,78179.1,0,4273337.5,975697.1,368220.5,231378.3,203421.9,138900.7,128070.6,10830.1,33775.8,776858.4,68401.2,708457.3,2442602.9,85009.9,40602.2,7379.4,394737,568216.6,106612.2,54108.2,61152.6,70321.1,64600.2,211422.2,459829.2,109436.9,81524.9,242136.1,82134,79627.2,179773.3,112196.1,78179.1
01/07/2018,4257164.8,4257164.8,978661.5,783398.2,2420255.9,74849.2,0,4257164.8,978661.5,369373.2,232284.8,202831,140254.5,129509.6,10744.9,33918.1,783398.2,68582.7,714815.5,2420255.9,84334.8,38856.7,7939.5,386152.8,577701.5,112468.9,54118.5,61556.1,68910.1,63354.1,217293.8,444559.3,103348,88432.9,237097.3,83771,78577.4,179757,109727.7,74849.2
01/08/2018,4302025.8,4302025.8,984602,788467.9,2456996.4,71959.6,0,4302025.8,984602,370800.3,233736.5,203733.8,141920.8,131202.3,10718.6,34410.6,788467.9,66976.6,721491.3,2456996.4,84792,40282.4,7747.6,390173.2,575649.3,112179,54488.4,61495.2,67936.8,63374.8,216175,450878.1,107353.3,103867.3,240850.9,84066.8,81436.9,179823.4,110075.2,71959.6
01/09/2018,4328993.7,4328993.7,992489.6,797804,2461537.1,77163.1,0,4328993.7,992489.6,374200.6,235721.5,204392.9,143048.8,132341,10707.8,35125.8,797804,67243.5,730560.6,2461537.1,85724,40143.1,7704.9,405556.5,559930.7,107167.1,55299.2,59916.5,65385.8,58922.7,213239.4,458043.2,106504.3,108597.7,229762.1,83457.4,84336.3,179219.2,112557.7,77163.1
01/10/2018,4391854.4,4391854.4,995699.9,803060.4,2511314.5,81779.6,0,4391854.4,995699.9,374725.2,236439.9,204823.8,144053.5,133380.4,10673.1,35657.4,803060.4,65759.6,737300.9,2511314.5,89997.2,40773,7337.6,410875.6,579777.7,107502.7,61982.3,62905.3,68796.5,61889.6,216701.3,460510.2,111465.7,101535,237262.6,85120.2,92686.6,180706.1,113267,81779.6
01/11/2018,4454551.1,4454551.1,1020125.7,811817.4,2536995.8,85612.2,0,4454551.1,1020125.7,393952.5,235549.3,209698.6,146165.8,134939.9,11225.9,34759.5,811817.4,66093.5,745723.9,2536995.8,92976.9,44568.7,7307.8,420696.3,586450.9,108442.7,61649.8,64566.5,67762.5,65071.7,218957.7,457791.5,111147.8,94790.4,243505.5,87467.4,94700.7,183786,111806.1,85612.2
01/12/2018,4453621.8,4453621.8,1012150.8,817484.2,2527801.2,96185.7,0,4453621.8,1012150.8,386320.6,235357.5,207110,148426.6,136926.6,11499.9,34936,817484.2,64387.9,753096.2,2527801.2,96044.4,41755.8,7211.4,428212.7,582514.8,107858.5,63428.2,57078.2,68585.9,63664.6,221899.4,469207.7,111360.1,81311.2,243069.5,86862.8,96448.5,173686.1,110116.4,96185.7
01/01/2019,4440741.7,4440741.7,1010175.7,822607.4,2515566.3,92392.2,0,4440741.7,1010175.7,381856.3,238218.8,205507.4,149944.5,138251.3,11693.1,34648.7,822607.4,65590.8,757016.7,2515566.3,94664.7,40629.5,7116.2,411759.8,588491.7,109868.5,65386.5,60522.3,69453.6,63278.4,219982.5,470039.5,109646.6,87467.6,245095.4,88260.5,95238.4,171216.8,105939.7,92392.2
01/02/2019,4473446.7,4473446.7,1011240.3,827028.1,2544680.1,90498.2,0,4473446.7,1011240.3,379545,240466.5,205799.2,150844.8,139018.6,11826.1,34584.8,827028.1,64319.4,762708.8,2544680.1,93851.3,41505.4,7014.5,420354.9,598301,109807.2,66734.9,61425.2,72132.3,65471.1,222730.3,476749,109656.6,85201.6,250172.7,88106,95337,172239.9,106190.2,90498.2
01/03/2019,4535136.1,4535136.1,1016221.5,837929.6,2595105.8,85879.1,0,4535136.1,1016221.5,379271.4,244227,206214.6,151964.7,139968.5,11996.3,34543.8,837929.6,64772,773157.5,2595105.8,94496.7,42062.5,7024.7,427692.2,593442.8,110092,67829,55730.1,74294,63578.2,221919.5,494443.4,111616.7,93199.1,252944.4,89439.4,96539.6,188178.1,104026.4,85879.1
01/04/2019,4561389.8,4561389.8,1020746.1,841616.3,2610665.8,88361.5,0,4561389.8,1020746.1,380474.5,245538.8,206207.4,153073.9,140992.7,12081.1,35451.5,841616.3,63956.8,777659.5,2610665.8,94240.6,40964,6950.2,432367.4,600030.6,110809,68846.3,62490.1,73780.2,61649.3,222455.6,500016.3,108507.2,95488.5,256237.5,91279.7,94823.8,189718.9,100041.2,88361.5
01/05/2019,4605262.8,4605262.8,1026973.5,851983.4,2641501.1,84804.8,0,4605262.8,1026973.5,383326.4,247690.3,205779.9,154205.3,141782.1,12423.1,35971.6,851983.4,64824.2,787159.2,2641501.1,97696.6,40915.6,6916,439000.1,614594.6,112675.2,70093.9,60803.8,75815.1,64303.2,230903.4,500049.5,111549.6,93425.8,254693.1,90416.3,99748.6,190773.6,101721.7,84804.8
01/06/2019,4634484.6,4634484.6,1035804.3,859275.4,2652424.5,86980.5,0,4634484.6,1035804.3,388662.8,250809.5,205032.1,155404.8,142631.6,12773.2,35895.1,859275.4,64063.6,795211.7,2652424.5,98069.3,40844.4,6876.3,444761.5,617759.7,115517.2,70276.8,58152.7,80252.6,63738.1,229822.1,492391.9,114709.3,95889.2,251828.1,90964,102324.1,194132.1,101874.7,86980.5
01/07/2019,4627396,4627396,1039758.9,867673.2,2634445.3,85518.7,0,4627396,1039758.9,389333,253063.3,204221,156583.3,143556,13027.4,36558.3,867673.2,65095.5,802577.6,2634445.3,97064,41644,7492.3,438602.4,606506.8,115820.2,66948.2,56854.7,77300.1,62725.8,226857.9,484697.1,114864.3,115314.8,246255.2,88933.5,99129.8,196453.6,97487.5,85518.7
01/08/2019,4688826.9,4688826.9,1048348.5,875306.7,2682230.7,82941,0,4688826.9,1048348.5,392855.9,255737,204938.4,157759.2,144523.2,13236,37058,875306.7,63944.2,811362.5,2682230.7,98212,43947.8,7570.8,444222.3,633501.1,117953.8,69161.8,60531.6,79311.1,65976.3,240566.6,485255.6,116706.6,112493.7,252820.7,87943.6,103604.5,197695.4,98256.7,82941
01/09/2019,4663167.7,4663167.7,1052954,882630.8,2641067.4,86515.5,0,4663167.7,1052954,395616.5,256980.2,204042.5,158649.1,145235.7,13413.4,37665.8,882630.8,64530,818100.8,2641067.4,100246,34607.5,7173,447545.1,610262.7,112620.3,64928.6,62169.7,81543.4,62372.3,226628.3,487365.9,107208.5,111730.7,251411.3,87234.8,103918,194404.9,97959,86515.5
01/10/2019,4641863.4,4641863.4,1057280.5,889226.2,2611805.6,83551.1,0,4641863.4,1057280.5,396382.1,259204.8,204319.6,159502.7,145996.2,13506.5,37871.3,889226.2,63313.2,825913,2611805.6,102139.3,37113.4,6952.8,443482.2,598100.1,110073.9,64050.8,59004.7,80071.7,61023,223876.1,478424.9,106396.2,106667,253563.1,89057.8,107199.7,187292.8,95416.4,83551.1
01/11/2019,4713995.4,4713995.4,1080890.7,899392.7,2646204.4,87507.6,0,4713995.4,1080890.7,418327.5,259135.2,203597.9,161640.9,147177.3,14463.6,38189.2,899392.7,63909.6,835483.2,2646204.4,107247.6,39739.7,6954.7,446985.8,592126.9,101152.2,65043.6,56602.7,80021.4,59064.3,230242.7,479940.6,108771.9,108699.7,265985.5,86393,106595.4,198742.6,98021,87507.6
01/12/2019,4672518.7,4672518.7,1066112.9,904621.7,2606160.8,95623.2,0,4672518.7,1066112.9,406523,256155.8,201459.9,163445.3,148628.5,14816.8,38528.9,904621.7,62667.1,841954.6,2606160.8,110100.3,40149.3,6798.9,440096.3,579296.2,98913.8,62458.6,53754.6,77592.6,57211.7,229364.8,467029.4,110290.9,109172.5,264245.1,86713.3,106038.3,188628.1,97602.3,95623.2
01/01/2020,4671120.9,4671120.9,1059937.7,908418.2,2610714.5,92050.4,0,4671120.9,1059937.7,400955.3,255885,200920.3,164568.2,149617.9,14950.3,37608.9,908418.2,62831.3,845586.9,2610714.5,108572.9,39643.4,6701.2,442989.2,571746.7,98620.7,62070.7,57022.9,77640.5,53319.4,223072.6,472224.9,112682,112159.9,266236.7,87370.5,107448,187763.9,95175.1,92050.4
01/02/2020,4712330,4712330,1059670.5,913589.1,2648077.5,90992.8,0,4712330,1059670.5,399138.4,257838,200111.9,165097.8,150025.9,15071.9,37484.4,913589.1,61877.8,851711.4,2648077.5,106853.2,40918,6687.4,447525.2,579698.6,98879.6,62480,55867.8,78830,58051.4,225589.9,475311.9,115203.2,115774.3,278665.9,85610.3,111702.7,187494.5,96632.4,90992.8
01/03/2020,5009360.8,5009360.8,1049309.6,919203.1,2945190.9,95657.2,0,5009360.8,1049309.6,387086.2,258785.7,200723,164856.3,149729.8,15126.5,37858.3,919203.1,61629.2,857573.9,2945190.9,114587.7,49951.3,6657.5,467062.9,681684.2,113969.3,79401.5,72178.3,92103.6,67215.6,256815.8,496070.7,129118.3,149873.9,301626.7,86406.9,129206.6,226919.8,106024.3,95657.2
01/04/2020,5070360.1,5070360.1,1022665.6,922419.7,3027716.1,97558.8,0,5070360.1,1022665.6,366625.6,255805.7,198250.9,162342,147359.1,14982.9,39641.4,922419.7,60156.5,862263.2,3027716.1,114436.2,50292.9,6764,491703.4,705005.2,121389.6,81087.6,78555,92288.4,67379.1,264305.5,505998.6,129859.7,143662.2,315766.3,79516.3,134000.1,241703.5,109007.5,97558.8
01/05/2020,4985430.6,4985430.6,1011589.7,930776.9,2946364,96700,0,4985430.6,1011589.7,361896.3,254607.7,195214.3,160742.3,145945.9,14796.4,39129.1,930776.9,60098.7,870678.1,2946364,110590.1,49844.8,6702,481094.4,681874.2,114933.2,77492.9,76041,87279,63878.6,262249.4,500375.7,126582,132502.5,307958.7,75389.4,129758.3,239554.5,104137.5,96700
01/06/2020,4931668,4931668,1002753.9,936889.2,2904285.4,87739.5,0,4931668,1002753.9,361521.3,252696.7,192327.8,160900.2,145886,15014.2,35307.9,936889.2,59173.4,877715.7,2904285.4,108243.6,40014,6661,478733.8,671754.8,110117.1,75485.7,75223.7,84845.8,66108.7,259973.7,481848.8,124368.7,131395.1,310069.9,72277.9,133687.1,241686.6,103544,87739.5
01/07/2020,4847943,4847943,981223.4,946114.1,2838617.4,81988.2,0,4847943,981223.4,359336.2,252049.1,174766.8,161914.8,146353.7,15561,33156.5,946114.1,59139.6,886974.4,2838617.4,105083.6,39735.7,6477.1,478061.3,651198.1,109943.2,72867.5,73042,81328.8,63886,250130.7,472725.6,124726.3,124093.2,298547.7,72504.4,127757.2,236055.5,101651.7,81988.2
01/08/2020,4809664.7,4809664.7,985404.6,950875.7,2792436.1,80948.3,0,4809664.7,985404.6,362487.7,252918.1,173230.3,162769.3,146531.9,16237.3,33999.3,950875.7,57574.4,893301.3,2792436.1,103892.2,35602.3,6302,475045,629879.1,103030.2,71470.4,72192.3,79547.9,59332.9,244305.5,469991.3,122992.1,123809.7,295269.2,71369.8,129757.2,226145.7,102380.4,80948.3
01/09/2020,4772050.3,4772050.3,985473,960222.9,2746700.4,79654.1,0,4772050.3,985473,363758.6,253134.2,171849,163167.2,146241.7,16925.5,33564,960222.9,57580.2,902642.7,2746700.4,102396,34030.3,6361.8,474421.5,610548.3,99838.3,67204.7,65256.4,78627.2,57618.3,242003.4,459903.7,115517.9,118438.7,295032.7,71217.1,131296.7,223866.8,103669.1,79654.1
01/10/2020,4710979.1,4710979.1,980367.9,968164.1,2684901.7,77545.4,0,4710979.1,980367.9,360937.5,252623.5,171117.2,163377.2,146055.5,17321.6,32312.5,968164.1,56406.8,911757.3,2684901.7,102318.6,33305.2,6201.2,471717.4,580889.7,101872.2,63330.1,56226.5,75937.6,53174.8,230348.5,445939.1,110644.7,111833.4,291266,71944.9,127783.9,226597.9,104459.7,77545.4
01/11/2020,4668407.5,4668407.5,992834.1,975159.7,2622283.5,78130.2,0,4668407.5,992834.1,375945.3,250392.1,167629.5,165114.1,145659.3,19454.9,33753.2,975159.7,56290.7,918869,2622283.5,102865,31747.2,6113.8,459429.1,556757,100307.9,60636.7,51577.8,74320.4,44202.6,225711.6,436047.3,108371.8,110846.1,285358.7,70372.8,123469.6,224719.6,106185.6,78130.2
01/12/2020,4599995.9,4599995.9,973223.9,982981.6,2568019.1,75771.4,0,4599995.9,973223.9,359771.5,248269.4,164147.1,165432.5,145390.2,20042.3,35603.4,982981.6,54695.1,928286.4,2568019.1,106189.6,25657.8,6018.8,454889.4,546249.9,104269,58671.6,50200.6,70599.6,41043.5,221465.7,420294.6,105498.1,112918.2,268798.5,69666.8,122471.9,219402.7,109962.9,75771.4
01/01/2021,4590735.5,4590735.5,957842.1,986762,2575128.3,71003.1,0,4590735.5,957842.1,350103.2,248118.3,161713,164251.5,144015.9,20235.6,33656.1,986762,55133.4,931628.5,2575128.3,105081,28069.2,5980.6,455932.2,554040.9,103616.1,58076.4,55709.9,72326.8,40331.3,223980.5,414768.1,108596.3,106769.6,273611.2,70715.5,123748.1,217851.7,109963.9,71003.1
01/02/2021,4596152.8,4596152.8,950818.4,990180.4,2586316.1,68837.9,0,4596152.8,950818.4,346023.4,248421.2,159905.9,163722.7,143171.2,20551.6,32745.1,990180.4,53826.2,936354.2,2586316.1,103918.8,28059.1,5909.3,458027.9,556286,101937.9,58071.4,56720.4,73990.7,41526.6,224039.1,418710.6,110039.3,106500.4,274267.6,69716.8,125227.6,217318.1,112334.8,68837.9
01/03/2021,4586448.7,4586448.7,952387.4,997490.9,2574143.2,62427.2,0,4586448.7,952387.4,342198.3,250134.4,159679.8,164520,143461.5,21058.5,35854.8,997490.9,53753.4,943737.5,2574143.2,104911.3,27711.9,5840.8,455604.2,555037.2,100270.1,58402.1,56391.2,72494.7,40045.9,227433.3,412897.5,109744.7,108102.2,269622.2,71631.2,123061,216110.7,113868.2,62427.2
01/04/2021,4592498.1,4592498.1,954644.8,1003091.4,2574801.5,59960.4,0,4592498.1,954644.8,342641.8,251920.2,158858.2,164599.7,143209.2,21390.5,36624.8,1003091.4,52394.6,950696.8,2574801.5,104745.7,27380.5,5781.9,454748.3,567256.5,106391,60263.8,56147,76827.3,38946.2,228681.3,412019.9,107833.5,105559.3,268840.1,67972.5,121178.7,218483.6,113001.1,59960.4
01/05/2021,4585902,4585902,962668.9,1012460.6,2547956.6,62816,0,4585902,962668.9,349794.8,253816,159156.2,164691.1,142994.7,21696.4,35210.8,1012460.6,52376,960084.6,2547956.6,104195.4,33928,5772.7,450787.4,551768.1,101891.4,59932.8,55081.4,77790.3,37503.2,219569,416867.8,104938.6,99601.7,264822.7,67470.3,119871.9,216669.1,111262.9,62816
01/06/2021,4604056.8,4604056.8,971475.1,1020533.8,2551409.7,60638.2,0,4604056.8,971475.1,352998.6,256788.2,160611.2,165345.5,143484,21861.5,35731.5,1020533.8,51038.8,969495.1,2551409.7,105268.9,29844.9,5701.1,454201.3,553595.6,103487.3,60681.7,54476.9,78134.7,34837.5,221977.5,410760.4,107222.4,97443.8,263542.2,67433.1,123807.7,219820.7,112767.4,60638.2
01/07/2021,4634621.9,4634621.9,977601.3,1032397.4,2564772.2,59850.9,0,4634621.9,977601.3,353754.1,258961.6,160287.4,165405,143438.9,21966.1,39193.2,1032397.4,51023.8,981373.6,2564772.2,105058.2,28433.7,5692.6,453644.7,555288.4,105643,62639.2,54115,78964.5,32715.5,221211.2,417977.4,110010.9,106980.3,261519.5,67869.9,123594.2,218250.9,110451.6,59850.9
01/08/2021,4639531.1,4639531.1,982250.2,1040228.9,2558040.3,59011.6,0,4639531.1,982250.2,355930.7,261468,160560.2,165300.7,143341.6,21959.1,38990.6,1040228.9,50193.1,990035.8,2558040.3,102822.1,28884.6,5585.3,452846.2,545426.9,102021,61110.1,55859.8,77453.3,33867.6,215115.1,415257,111227.4,109717.5,258905.7,69257.4,125134.1,221378.4,111597.5,59011.6
01/09/2021,4670520.9,4670520.9,994504.6,1051831.3,2564830.3,59354.7,0,4670520.9,994504.6,361718.2,264576.5,165255.1,165184,143024.4,22159.7,37770.8,1051831.3,51199.6,1000631.8,2564830.3,104323.2,28466.5,5577.4,452660.8,541590.8,100858.6,62714.9,55671.4,77876.6,37602.2,206867.2,417654.4,111329,104729.2,261846,68909.7,129624.6,223735.2,114383.5,59354.7
01/10/2021,4701502.8,4701502.8,994564.9,1061249.9,2584847.4,60840.6,0,4701502.8,994564.9,356105,267609.5,166797.3,164944.5,142848.1,22096.3,39108.6,1061249.9,50063.1,1011186.7,2584847.4,106555.2,28943.9,5514.1,451323.4,545231.3,103764.7,59948.8,52398.7,77424.7,38914.2,212780.2,420615.4,113324.8,109720,265884.7,69772.8,130854.8,221567.4,115539.6,60840.6
01/11/2021,4784472.4,4784472.4,1030396.4,1070724.2,2624577.7,58774.1,0,4784472.4,1030396.4,383667.3,268961.8,168435,167475.6,143334.3,24141.3,41856.7,1070724.2,50282.1,1020442.1,2624577.7,107569.5,28700.4,5425.9,455549.3,551413.9,108978.3,60253.8,49616.5,76650.7,40559,215355.6,422494.4,116074,105791.8,271273.2,73663.9,133791.2,232885,119945.4,58774.1
01/12/2021,4806655.4,4806655.4,1022493,1084224.5,2637090.5,62847.3,0,4806655.4,1022493,375575,268537.9,168513.3,168866,144251.6,24614.4,41000.9,1084224.5,49339.4,1034885.2,2637090.5,112977.9,28293.4,5379.5,455497.6,555959.5,109324.5,61374.2,54408.8,79256,39571.4,212024.6,420180.2,119027.3,117318.8,268314.6,71414.4,127962.3,234204.2,120560.9,62847.3
01/01/2022,4811968.2,4811968.2,1032703.4,1088389.7,2636365.1,54510,0,4811968.2,1032703.4,376507.9,275090.1,165901.3,172866.1,143802.3,29063.8,42338,1088389.7,50325.7,1038063.9,2636365.1,112946.8,28291.5,5377.5,455353.1,555817.6,109290.3,61357.7,54397.9,79240.4,39567.3,211964,420034.2,118995.1,117276.8,268241.7,71390.6,127950.3,234129,120560.8,54510
01/02/2022,4820386.4,4820386.4,1041432.4,1095271.4,2634536.4,49146.2,0,4820386.4,1041432.4,377847.3,274779.7,170878.2,172798.8,143588.3,29210.5,45128.4,1095271.4,49708.7,1045562.7,2634536.4,112952.1,28648.3,5347.2,454224,556528.9,109046.7,61388.2,54653.1,79617.3,39978.1,211845.5,418223.5,119039,116695.7,268317.6,71146,129360.1,233493.2,120560.8,49146.2
01/03/2022,4900094.9,4900094.9,1052436.2,1107936.3,2674158.1,65564.4,0,4900094.9,1052436.2,379724.7,279052.9,173413.1,173574.4,144134.5,29439.9,46671.1,1107936.3,49100.2,1058836,2674158.1,114479.8,28009.5,5507.7,463689.1,562077.5,111239.6,62138.7,54663,79616.5,39338,215081.7,429164.7,120538.3,119967.4,271763.8,72824.3,127056.5,238518.6,120560.8,65564.4
