Título,Financiamiento bancario y principales fuentes altern endeud sec privado del país Crédito al consumo,"Financiamiento bancario y principales fuentes altern endeud sec privado del país Crédito al consumo, bancario","Financiamiento bancario y principales fuentes altern endeud sec privado del país Crédito al consumo, no bancario","Financiamiento bancario y principales fuentes altern endeud sec privado del país Crédito al consumo, No bancario, De Intermediarios Financieros del País","Financiamiento bancario y principales fuentes altern endeud sec privado del país Crédito al consumo, No bancario, Otras Fuentes Alternativas de Financiamiento del País",Financiamiento bancario y principales fuentes altern endeud sec privado del país Crédito a la vivienda,"Financiamiento bancario y principales fuentes altern endeud sec privado del país Crédito a la vivienda, bancario","Financiamiento bancario y principales fuentes altern endeud sec privado del país Crédito a la vivienda, no bancario","Financiamiento bancario y principales fuentes altern endeud sec privado del país Crédito a la vivienda, No bancario, De Intermediarios Financieros del País","Financiamiento bancario y principales fuentes altern endeud sec privado del país Crédito a la vivienda, No bancario, Otras Fuentes Alternativas de Financiamiento del País",Financiamiento bancario y principales fuentes altern endeud sec privado del país Finan emp y pers físicas c/activ empres,"Financiamiento bancario y principales fuentes altern endeud sec privado del país Bancario, Clasif p/ramas actividad, financ a emp y pers físicas con actividad empresarial","Financiamiento bancario y principales fuentes altern endeud sec privado del país No bancario, Clasif p/ramas actividad, financ a emp y pers físicas con actividad empresarial","Financiamiento bancario y principales fuentes altern endeud sec privado del país No bancario, Clasif p/ramas actividad, financ a emp y pers físicas con actividad empresarial, De Intermediarios Financieros del País","Financiamiento bancario y principales fuentes altern endeud sec privado del país No bancario, Clasif p/ramas actividad, financ a emp y pers físicas con actividad empresarial, Otras Fuentes Alternativas de Financiamiento del País","Financiamiento bancario y principales fuentes altern endeud sec privado del país No bancario, Clasif p/ramas actividad, financ a emp y pers físicas con actividad empresarial, Del extranjero","Financiamiento bancario y principales fuentes altern endeud sec privado del país No bancarios, Clasif p/ramas actividad, financ a emp y pers físicas con actividad empresarial","Financiamiento bancario y principales fuentes altern endeud sec privado del paísProductos alimenticios, bebidas y tabaco, Clasif p/ramas actividad, financ a emp y pers físicas con actividad empresarial, No bancario,","Financiamiento bancario y principales fuentes altern endeud sec privado del paísProd aliment, bebidas y tabaco, bancario, Clasif p/ramas actividad, financ a emp y pers físicas con actividad empresarial, No bancario,","Financiamiento bancario y principales fuentes altern endeud sec privado del país No bancarios, Clasif p/ramas actividad, financ a emp y pers físicas con actividad empresarial, No banc, prod alimen, bebidas y tabaco,","Financiamiento bancario y principales fuentes altern endeud sec privado del país No bancarios, Clasif p/ramas actividad, financ a emp y pers físicas con actividad empresarial, No banc, prod alimen, bebidas y tabaco,, De Intermediarios Financieros del País","Financiamiento bancario y principales fuentes altern endeud sec privado del país No bancarios, Clasif p/ramas actividad, financ a emp y pers físicas con actividad empresarial, No banc, prod alimen, bebidas y tabaco,, Otras Fuentes Alternativas de Financiamiento del País","Financiamiento bancario y principales fuentes altern endeud sec privado del país No bancarios, del extranjero, Clasif p/ramas actividad, financ a emp y pers físicas con actividad empresarial, No banc, prod alimen, bebidas y tabaco,","Financiamiento bancario y principales fuentes altern endeud sec privado del paísTextiles, prendas vestir e ind del cuero, Clasif p/ramas actividad, financ a emp y pers físicas con actividad empresarial, No bancario,","Financiamiento bancario y principales fuentes altern endeud sec privado del paísText, prendas vestir/ind cuero, bancario, Clasif p/ramas actividad, financ a emp y pers físicas con actividad empresarial, No bancario,","Financiamiento bancario y principales fuentes altern endeud sec privado del país , No bancarios, Clasif p/ramas actividad, financ a emp y pers físicas con actividad empresarial, No banc, textiles prend vestir ind cuero","Financiamiento bancario y principales fuentes altern endeud sec privado del país , No bancarios, Clasif p/ramas actividad, financ a emp y pers físicas con actividad empresarial, No banc, textiles prend vestir ind cuero, De Intermediarios Financieros del País","Financiamiento bancario y principales fuentes altern endeud sec privado del país , No bancarios, Clasif p/ramas actividad, financ a emp y pers físicas con actividad empresarial, No banc, textiles prend vestir ind cuero, Otras Fuentes Alternativas de Financiamiento del País","Financiamiento bancario y principales fuentes altern endeud sec privado del país , No bancarios, del extranjero, Clasif p/ramas actividad, financ a emp y pers físicas con actividad empresarial, No banc, textiles prend vestir ind cuero","Financiamiento bancario y principales fuentes altern endeud sec privado del paísProductos metálicos, maquinaria y equipo, Clasif p/ramas actividad, financ a emp y pers físicas con actividad empresarial, No bancario,","Financiamiento bancario y principales fuentes altern endeud sec privado del país Prod metálicos, maq y equipo, bancario, Clasif p/ramas actividad, financ a emp y pers físicas con actividad empresarial, No bancario,","Financiamiento bancario y principales fuentes altern endeud sec privado del país No bancarios, Clasif p/ramas actividad, financ a emp y pers físicas con actividad empresarial, No banc, prod metálicos, maq y equipo,","Financiamiento bancario y principales fuentes altern endeud sec privado del país No bancarios, Clasif p/ramas actividad, financ a emp y pers físicas con actividad empresarial, No banc, prod metálicos, maq y equipo, De Intermediarios Financieros del País","Financiamiento bancario y principales fuentes altern endeud sec privado del país No bancarios, Clasif p/ramas actividad, financ a emp y pers físicas con actividad empresarial, No banc, prod metálicos, maq y equipo, Otras Fuentes Alternativas de Financiamiento del País","Financiamiento bancario y principales fuentes altern endeud sec privado del país No bancarios, del extranjero, Clasif p/ramas actividad, financ a emp y pers físicas con actividad empresarial, No banc, prod metálicos, maq y equipo,","Financiamiento bancario y principales fuentes altern endeud sec privado del país Industria metálica básica, Clasif p/ramas actividad, financ a emp y pers físicas con actividad empresarial, No bancario,","Financiamiento bancario y principales fuentes altern endeud sec privado del país Industria metálica básica, bancario, Clasif p/ramas actividad, financ a emp y pers físicas con actividad empresarial, No bancario,","Financiamiento bancario y principales fuentes altern endeud sec privado del país No bancarios, Clasif p/ramas actividad, financ a emp y pers físicas con actividad empresarial, No banc, industria metálica básica,","Financiamiento bancario y principales fuentes altern endeud sec privado del país No bancarios, Clasif p/ramas actividad, financ a emp y pers físicas con actividad empresarial, No banc, industria metálica básica,, De Intermediarios Financieros del País","Financiamiento bancario y principales fuentes altern endeud sec privado del país No bancarios, Clasif p/ramas actividad, financ a emp y pers físicas con actividad empresarial, No banc, industria metálica básica,, Otras Fuentes Alternativas de Financiamiento del País","Financiamiento bancario y principales fuentes altern endeud sec privado del país No bancarios, del extranjero, Clasif p/ramas actividad, financ a emp y pers físicas con actividad empresarial, No banc, industria metálica básica,","Financiamiento bancario y principales fuentes altern endeud sec privado del país Industria de la construcción, Clasif p/ramas actividad, financ a emp y pers físicas con actividad empresarial, No bancario,","Financiamiento bancario y principales fuentes altern endeud sec privado del país Industria de la construcción, bancario, Clasif p/ramas actividad, financ a emp y pers físicas con actividad empresarial, No bancario,","Financiamiento bancario y principales fuentes altern endeud sec privado del país No bancarios, Clasif p/ramas actividad, financ a emp y pers físicas con actividad empresarial, No banc, industria de la construcción,","Financiamiento bancario y principales fuentes altern endeud sec privado del país No bancarios, Clasif p/ramas actividad, financ a emp y pers físicas con actividad empresarial, No banc, industria de la construcción, De Intermediarios Financieros del País","Financiamiento bancario y principales fuentes altern endeud sec privado del país No bancarios, Clasif p/ramas actividad, financ a emp y pers físicas con actividad empresarial, No banc, industria de la construcción, Otras Fuentes Alternativas de Financiamiento del País","Financiamiento bancario y principales fuentes altern endeud sec privado del país No bancarios, del extranjero, Clasif p/ramas actividad, financ a emp y pers físicas con actividad empresarial, No banc, industria de la construcción,","Financiamiento bancario y principales fuentes altern endeud sec privado del país Servicios y comercio, Clasif p/ramas actividad, financ a emp y pers físicas con actividad empresarial, No bancario,","Financiamiento bancario y principales fuentes altern endeud sec privado del país Servicios y comercio, bancario, Clasif p/ramas actividad, financ a emp y pers físicas con actividad empresarial, No bancario,","Financiamiento bancario y principales fuentes altern endeud sec privado del país No bancarios, Clasif p/ramas actividad, financ a emp y pers físicas con actividad empresarial, No banc, servicios y comercio,","Financiamiento bancario y principales fuentes altern endeud sec privado del país No bancarios, Clasif p/ramas actividad, financ a emp y pers físicas con actividad empresarial, No banc, servicios y comercio, De Intermediarios Financieros del País","Financiamiento bancario y principales fuentes altern endeud sec privado del país No bancarios, Clasif p/ramas actividad, financ a emp y pers físicas con actividad empresarial, No banc, servicios y comercio, Otras Fuentes Alternativas de Financiamiento del País","Financiamiento bancario y principales fuentes altern endeud sec privado del país No bancarios, del extranjero, Clasif p/ramas actividad, financ a emp y pers físicas con actividad empresarial, No banc, servicios y comercio,","Financiamiento bancario y principales fuentes altern endeud sec privado del país Otras actividades, Clasif p/ramas actividad, financ a emp y pers físicas con actividad empresarial, No bancario,","Financiamiento bancario y principales fuentes altern endeud sec privado del país Otras actividades, bancario, Clasif p/ramas actividad, financ a emp y pers físicas con actividad empresarial, No bancario,","Financiamiento bancario y principales fuentes altern endeud sec privado del país No bancarios, Clasif p/ramas actividad, financ a emp y pers físicas con actividad empresarial, No banc, otras actividades,","Financiamiento bancario y principales fuentes altern endeud sec privado del país No bancarios, Clasif p/ramas actividad, financ a emp y pers físicas con actividad empresarial, No banc, otras actividades, De Intermediarios Financieros del País","Financiamiento bancario y principales fuentes altern endeud sec privado del país No bancarios, Clasif p/ramas actividad, financ a emp y pers físicas con actividad empresarial, No banc, otras actividades, Otras Fuentes Alternativas de Financiamiento del País","Financiamiento bancario y principales fuentes altern endeud sec privado del país No bancarios, del extranjero, Clasif p/ramas actividad, financ a emp y pers físicas con actividad empresarial, No banc, otras actividades,","Financiamiento bancario y principales fuentes altern endeud sec privado del paísFinanciamiento proveniente del extranjer, Clasif p/ramas actividad, financ a emp y pers físicas con actividad empresarial, No bancario,","Financiamiento bancario y principales fuentes altern endeud sec privado del país Uniones de crédito, Clasif p/ramas actividad, financ a emp y pers físicas con actividad empresarial, No bancario,",Financiamiento bancario y principales fuentes altern endeud sec privado del país Financiamiento,"Financiamiento bancario y principales fuentes altern endeud sec privado del país Financiamiento, bancario","Financiamiento bancario y principales fuentes altern endeud sec privado del país Financiamiento, no bancario","Financiamiento bancario y principales fuentes altern endeud sec privado del país Financiamiento, no bancario, De Intermediarios Financieros del País","Financiamiento bancario y principales fuentes altern endeud sec privado del país Financiamiento, no bancario, Otras Fuentes Alternativas de Financiamiento del País","Financiamiento bancario y principales fuentes altern endeud sec privado del país Financiamiento, no bancario, Del extranjero","Financiamiento total al sector privado no financiero, Financiamiento total, interno, Total de endeudamiento no bancario de emisoras","Financiamiento total al sector privado no financiero, Financiamiento total, interno, Emision interna de instrumentos de deuda","Financiamiento total al sector privado no financiero, Financiamiento total, interno, Emision interna de instrumentos de deuda de emisoras","Financiamiento total al sector privado no financiero, Financiamiento total, interno, Emision interna de instrumentos de deuda de no emisoras","Financiamiento total al sector privado no financiero, Financiamiento total, interno, Proveedores de Emisoras"
Periodo disponible,Ene-Mar 1994 - Oct-Dic 2021,Ene-Mar 1994 - Oct-Dic 2021,Ene-Mar 1994 - Oct-Dic 2021,Oct-Dic 1994 - Oct-Dic 2021,Oct-Dic 1994 - Oct-Dic 2021,Ene-Mar 1994 - Oct-Dic 2021,Ene-Mar 1994 - Oct-Dic 2021,Ene-Mar 1994 - Oct-Dic 2021,Oct-Dic 1994 - Oct-Dic 2021,Oct-Dic 1994 - Oct-Dic 2021,Ene-Mar 1994 - Oct-Dic 2021,Ene-Mar 1994 - Oct-Dic 2021,Ene-Mar 1994 - Oct-Dic 2021,Oct-Dic 1994 - Oct-Dic 2021,Oct-Dic 1994 - Oct-Dic 2021,Oct-Dic 1994 - Oct-Dic 2021,Ene-Mar 1994 - Oct-Dic 2021,Ene-Mar 1994 - Oct-Dic 2021,Ene-Mar 1994 - Oct-Dic 2021,Ene-Mar 1994 - Oct-Dic 2021,Oct-Dic 1994 - Oct-Dic 2021,Oct-Dic 1994 - Oct-Dic 2021,Ene-Mar 1994 - Oct-Dic 2021,Ene-Mar 1994 - Oct-Dic 2021,Ene-Mar 1994 - Oct-Dic 2021,Ene-Mar 1994 - Oct-Dic 2021,Oct-Dic 1994 - Oct-Dic 2021,Oct-Dic 1994 - Oct-Dic 2021,Ene-Mar 1994 - Oct-Dic 2021,Ene-Mar 1994 - Oct-Dic 2021,Ene-Mar 1994 - Oct-Dic 2021,Ene-Mar 1994 - Oct-Dic 2021,Oct-Dic 1994 - Oct-Dic 2021,Oct-Dic 1994 - Oct-Dic 2021,Ene-Mar 1994 - Oct-Dic 2021,Ene-Mar 1994 - Oct-Dic 2021,Ene-Mar 1994 - Oct-Dic 2021,Ene-Mar 1994 - Oct-Dic 2021,Oct-Dic 1994 - Oct-Dic 2021,Oct-Dic 1994 - Oct-Dic 2021,Ene-Mar 1994 - Oct-Dic 2021,Ene-Mar 1994 - Oct-Dic 2021,Ene-Mar 1994 - Oct-Dic 2021,Ene-Mar 1994 - Oct-Dic 2021,Oct-Dic 1994 - Oct-Dic 2021,Oct-Dic 1994 - Oct-Dic 2021,Ene-Mar 1994 - Oct-Dic 2021,Ene-Mar 1994 - Oct-Dic 2021,Ene-Mar 1994 - Oct-Dic 2021,Ene-Mar 1994 - Oct-Dic 2021,Oct-Dic 1994 - Oct-Dic 2021,Oct-Dic 1994 - Oct-Dic 2021,Ene-Mar 1994 - Oct-Dic 2021,Ene-Mar 1994 - Oct-Dic 2021,Ene-Mar 1994 - Oct-Dic 2021,Ene-Mar 1994 - Oct-Dic 2021,Oct-Dic 1994 - Oct-Dic 2021,Oct-Dic 1994 - Oct-Dic 2021,Ene-Mar 1994 - Oct-Dic 2021,Ene-Mar 1994 - Oct-Dic 2021,Ene-Mar 1994 - Oct-Dic 2021,Ene-Mar 1994 - Oct-Dic 2021,Ene-Mar 1994 - Oct-Dic 2021,Oct-Dic 1994 - Oct-Dic 2021,Oct-Dic 1994 - Oct-Dic 2021,Oct-Dic 1994 - Oct-Dic 2021,Oct-Dic 1994 - Oct-Dic 2021,Ene-Mar 1994 - Oct-Dic 2021,Ene-Mar 1994 - Oct-Dic 2021,Oct-Dic 1994 - Oct-Dic 2021,Oct-Dic 1994 - Oct-Dic 2021,Ene-Mar 1994 - Oct-Dic 2021
Periodicidad,Trimestral,Trimestral,Trimestral,Trimestral,Trimestral,Trimestral,Trimestral,Trimestral,Trimestral,Trimestral,Trimestral,Trimestral,Trimestral,Trimestral,Trimestral,Trimestral,Trimestral,Trimestral,Trimestral,Trimestral,Trimestral,Trimestral,Trimestral,Trimestral,Trimestral,Trimestral,Trimestral,Trimestral,Trimestral,Trimestral,Trimestral,Trimestral,Trimestral,Trimestral,Trimestral,Trimestral,Trimestral,Trimestral,Trimestral,Trimestral,Trimestral,Trimestral,Trimestral,Trimestral,Trimestral,Trimestral,Trimestral,Trimestral,Trimestral,Trimestral,Trimestral,Trimestral,Trimestral,Trimestral,Trimestral,Trimestral,Trimestral,Trimestral,Trimestral,Trimestral,Trimestral,Trimestral,Trimestral,Trimestral,Trimestral,Trimestral,Trimestral,Trimestral,Trimestral,Trimestral,Trimestral,Trimestral
Cifra,Saldos,Saldos,Saldos,Saldos Nominales,Saldos Nominales,Saldos,Saldos,Saldos,Saldos Nominales,Saldos Nominales,Saldos,Saldos,Saldos,Saldos Nominales,Saldos Nominales,Saldos Nominales,Saldos Nominales,Saldos,Saldos,Saldos,Saldos Nominales,Saldos Nominales,Saldos Nominales,Saldos,Saldos,Saldos,Saldos Nominales,Saldos Nominales,Saldos Nominales,Saldos,Saldos,Saldos,Saldos Nominales,Saldos Nominales,Saldos Nominales,Saldos,Saldos,Saldos,Saldos Nominales,Saldos Nominales,Saldos Nominales,Saldos,Saldos,Saldos,Saldos Nominales,Saldos Nominales,Saldos Nominales,Saldos,Saldos,Saldos,Saldos Nominales,Saldos Nominales,Saldos Nominales,Saldos,Saldos,Saldos,Saldos Nominales,Saldos Nominales,Saldos Nominales,Saldos,Saldos,Saldos,Saldos,Saldos Nominales,Saldos Nominales,Saldos Nominales,Saldos Nominales,Saldos,Saldos,Saldos Nominales,Saldos Nominales,Saldos Nominales
Unidad,Millones de Pesos,Millones de Pesos,Millones de Pesos,Millones de Pesos,Millones de Pesos,Millones de Pesos,Millones de Pesos,Millones de Pesos,Millones de Pesos,Millones de Pesos,Millones de Pesos,Millones de Pesos,Millones de Pesos,Millones de Pesos,Millones de Pesos,Millones de Pesos,Millones de Pesos,Millones de Pesos,Millones de Pesos,Millones de Pesos,Millones de Pesos,Millones de Pesos,Millones de Pesos,Millones de Pesos,Millones de Pesos,Millones de Pesos,Millones de Pesos,Millones de Pesos,Millones de Pesos,Millones de Pesos,Millones de Pesos,Millones de Pesos,Millones de Pesos,Millones de Pesos,Millones de Pesos,Millones de Pesos,Millones de Pesos,Millones de Pesos,Millones de Pesos,Millones de Pesos,Millones de Pesos,Millones de Pesos,Millones de Pesos,Millones de Pesos,Millones de Pesos,Millones de Pesos,Millones de Pesos,Millones de Pesos,Millones de Pesos,Millones de Pesos,Millones de Pesos,Millones de Pesos,Millones de Pesos,Millones de Pesos,Millones de Pesos,Millones de Pesos,Millones de Pesos,Millones de Pesos,Millones de Pesos,Millones de Pesos,Millones de Pesos,Millones de Pesos,Millones de Pesos,Millones de Pesos,Millones de Pesos,Millones de Pesos,Millones de Pesos,Millones de Pesos,Millones de Pesos,Millones de Pesos,Millones de Pesos,Millones de Pesos
Base,,,,,,,,,,,,,,,,,,,,,,,,,,,,,,,,,,,,,,,,,,,,,,,,,,,,,,,,,,,,,,,,,,,,,,,,
Aviso,,,,,,,,,,,,,,,,,,,,,,,,,,,,,,,,,,,,,,,,,,,,,,,,,,,,,,,,,,,,,,,,,,,,,,,,
Tipo de información,Niveles,Niveles,Niveles,Niveles,Niveles,Niveles,Niveles,Niveles,Niveles,Niveles,Niveles,Niveles,Niveles,Niveles,Niveles,Niveles,Niveles,Niveles,Niveles,Niveles,Niveles,Niveles,Niveles,Niveles,Niveles,Niveles,Niveles,Niveles,Niveles,Niveles,Niveles,Niveles,Niveles,Niveles,Niveles,Niveles,Niveles,Niveles,Niveles,Niveles,Niveles,Niveles,Niveles,Niveles,Niveles,Niveles,Niveles,Niveles,Niveles,Niveles,Niveles,Niveles,Niveles,Niveles,Niveles,Niveles,Niveles,Niveles,Niveles,Niveles,Niveles,Niveles,Niveles,Niveles,Niveles,Niveles,Niveles,Niveles,Niveles,Niveles,Niveles,Niveles
Fecha,SF17926,SF17927,SF17928,SF46380,SF46381,SF17929,SF17930,SF17931,SF46382,SF46383,SF17932,SF17933,SF17934,SF46384,SF46385,SF46386,SF41075,SF17935,SF17936,SF17937,SF46387,SF46388,SF39829,SF17938,SF17939,SF17940,SF46389,SF46390,SF39831,SF17941,SF17942,SF17943,SF46391,SF46392,SF39833,SF17944,SF17945,SF17946,SF46393,SF46394,SF39835,SF17947,SF17948,SF17949,SF46395,SF46396,SF39837,SF17950,SF17951,SF17952,SF46397,SF46398,SF39839,SF17953,SF17954,SF17955,SF46399,SF46400,SF39841,SF17956,SF17957,SF17958,SF17959,SF46401,SF46402,SF46403,SF46404,SF40942,SF40658,SF46413,SF46414,SF42789
01/01/1994,N/E,N/E,N/E,N/E,N/E,N/E,N/E,N/E,N/E,N/E,N/E,N/E,N/E,N/E,N/E,N/E,0,N/E,N/E,N/E,N/E,N/E,0,N/E,N/E,N/E,N/E,N/E,0,N/E,N/E,N/E,N/E,N/E,0,N/E,N/E,N/E,N/E,N/E,0,N/E,N/E,N/E,N/E,N/E,0,N/E,N/E,N/E,N/E,N/E,0,N/E,N/E,N/E,N/E,N/E,0,N/E,N/E,N/E,N/E,N/E,N/E,N/E,N/E,0,0,N/E,N/E,N/E
01/04/1994,N/E,N/E,N/E,N/E,N/E,N/E,N/E,N/E,N/E,N/E,N/E,N/E,N/E,N/E,N/E,N/E,0,N/E,N/E,N/E,N/E,N/E,0,N/E,N/E,N/E,N/E,N/E,0,N/E,N/E,N/E,N/E,N/E,0,N/E,N/E,N/E,N/E,N/E,0,N/E,N/E,N/E,N/E,N/E,0,N/E,N/E,N/E,N/E,N/E,0,N/E,N/E,N/E,N/E,N/E,0,N/E,N/E,N/E,N/E,N/E,N/E,N/E,N/E,0,0,N/E,N/E,N/E
01/07/1994,N/E,N/E,N/E,N/E,N/E,N/E,N/E,N/E,N/E,N/E,N/E,N/E,N/E,N/E,N/E,N/E,0,N/E,N/E,N/E,N/E,N/E,0,N/E,N/E,N/E,N/E,N/E,0,N/E,N/E,N/E,N/E,N/E,0,N/E,N/E,N/E,N/E,N/E,0,N/E,N/E,N/E,N/E,N/E,0,N/E,N/E,N/E,N/E,N/E,0,N/E,N/E,N/E,N/E,N/E,0,N/E,N/E,N/E,N/E,N/E,N/E,N/E,N/E,0,0,N/E,N/E,N/E
01/10/1994,51133,48335.5,2797.5,690.2,2107.4,141494.9,103093.8,38401.1,665.9,37735.2,805379.1,457955.7,347423.4,67480,139299.3,140644.1,805379.1,55148.6,30067,25081.6,0,12614,12467.6,20142.7,16276,3866.7,0,2285,1581.8,30169.5,19937,10232.5,691.9,3261,6279.6,46543.1,10381,36162.1,899.3,18363.7,16899,71625.3,50526,21099.3,5344.2,10825.2,4929.8,315739.8,229359.2,86380.6,31808.4,35493.7,19078.5,191980.1,101409.5,90570.6,14817.1,56456.7,19296.7,60111.1,13919,998007.1,609385,388622.1,68836.1,179141.9,140644.1,217122.5,22581.6,19871.8,2709.8,20426.6
01/01/1995,0,0,0,0,0,0,0,0,0,0,0,0,0,0,0,0,0,0,0,0,0,0,0,0,0,0,0,0,0,0,0,0,0,0,0,0,0,0,0,0,0,0,0,0,0,0,0,0,0,0,0,0,0,0,0,0,0,0,0,0,0,0,0,0,0,0,0,0,0,0,0,0
01/04/1995,0,0,0,0,0,0,0,0,0,0,0,0,0,0,0,0,0,0,0,0,0,0,0,0,0,0,0,0,0,0,0,0,0,0,0,0,0,0,0,0,0,0,0,0,0,0,0,0,0,0,0,0,0,0,0,0,0,0,0,0,0,0,0,0,0,0,0,0,0,0,0,0
01/07/1995,0,0,0,0,0,0,0,0,0,0,0,0,0,0,0,0,0,0,0,0,0,0,0,0,0,0,0,0,0,0,0,0,0,0,0,0,0,0,0,0,0,0,0,0,0,0,0,0,0,0,0,0,0,0,0,0,0,0,0,0,0,0,0,0,0,0,0,0,0,0,0,0
01/10/1995,46988.6,42854.5,4134.1,1299.7,2834.4,227653,167847.4,59805.6,1254,58551.6,1039402.6,552576,486826.6,71972.9,175003.7,239850.1,1039402.6,69381.4,33826,35555.4,0,17870.4,17684.9,25034.9,19786,5248.9,0,3110.1,2138.9,29646.8,18760,10886.8,398.2,3489.8,6998.9,63411.4,17485,45926.4,690.8,23561.4,21674.1,89765,67554.1,22210.9,4843.3,11894.2,5473.5,357104.4,256737.5,100366.9,33380,43697.4,23289.5,246444.6,138427.4,108017.2,11757.6,71380.5,24879.2,137711.1,20902.9,1314044.3,763277.9,550766.4,74526.6,236389.7,239850.1,274840.1,19187.9,16885.3,2302.5,29876.4
01/01/1996,0,0,0,0,0,0,0,0,0,0,0,0,0,0,0,0,0,0,0,0,0,0,0,0,0,0,0,0,0,0,0,0,0,0,0,0,0,0,0,0,0,0,0,0,0,0,0,0,0,0,0,0,0,0,0,0,0,0,0,0,0,0,0,0,0,0,0,0,0,0,0,0
01/04/1996,0,0,0,0,0,0,0,0,0,0,0,0,0,0,0,0,0,0,0,0,0,0,0,0,0,0,0,0,0,0,0,0,0,0,0,0,0,0,0,0,0,0,0,0,0,0,0,0,0,0,0,0,0,0,0,0,0,0,0,0,0,0,0,0,0,0,0,0,0,0,0,0
01/07/1996,0,0,0,0,0,0,0,0,0,0,0,0,0,0,0,0,0,0,0,0,0,0,0,0,0,0,0,0,0,0,0,0,0,0,0,0,0,0,0,0,0,0,0,0,0,0,0,0,0,0,0,0,0,0,0,0,0,0,0,0,0,0,0,0,0,0,0,0,0,0,0,0
01/10/1996,41828,36373.4,5454.6,1407.3,4047.3,304706.2,215689.6,89016.6,1357.9,87658.8,1103253.3,589846.8,513406.5,53123.8,193070.2,267212.5,1103253.3,79810.1,40804,39006.1,0,19506.9,19499.2,28348.1,22259,6089.1,0,3609.4,2479.7,33404.5,20324,13080.5,146.2,4397.4,8536.9,71857.9,18191,53666.9,493.3,27981.4,25192.2,98294.2,72095.6,26198.6,3821.1,15208.3,7169.2,348205,256657.2,91547.8,16293.6,49189.5,26064.7,264176.4,159516,104660.4,6265.7,73177.4,25217.3,153053.3,26103.9,1449787.6,841909.8,607877.8,55889,284776.3,267212.5,303558,30595.1,26923.7,3671.4,45729.6
01/01/1997,41515.9,33522.7,7993.2,2852.6,5140.6,329182.3,237084.6,92097.7,2731.9,89365.9,1119695,617126.9,502568.1,36780,185345.2,280442.8,1119695,77157,42578,34579,0,17257.8,17321.2,27305.6,21640,5665.6,0,3367.6,2297.9,30870.5,18837,12033.5,51.2,4054.7,7927.5,67649.7,16873,50776.7,266.5,26537.9,23972.3,98716.1,69406.3,29309.8,3997,17252.7,8060.1,341003.5,248562.7,92440.8,17033.1,49217.5,26190.2,293446.3,199229.9,94216.4,3359.1,67656.9,23200.4,171473.1,12073.2,1490393.2,887734.2,602659,42364.4,279851.7,280442.8,290018.4,35803.7,31507.3,4296.4,40669.8
01/04/1997,41405,33111,8294,3235.2,5058.8,337529.2,241438.8,96090.4,3514.2,92576.2,1161120.6,615381.3,545739.3,36939.7,203997.2,304802.5,1161120.6,94988.5,42190,52798.5,0,26392.2,26406.3,27473.3,22018,5455.3,0,3236.6,2218.7,33556.6,20138,13418.6,67.4,4540,8811.2,71009.8,15753,55256.8,316,28869.1,26071.7,98674.9,70748.3,27926.6,3170.2,16827.6,7928.8,358919.7,262227.5,96692.2,17435.8,51784,27472.3,283858,182306.5,101551.5,4337.7,72347.6,24866.2,181027.3,11612.5,1540054.8,889931.1,650123.7,43689.1,301632.1,304802.5,323294.2,37317.8,32839.7,4478.1,40926.9
01/07/1997,43660.9,34972.5,8688.4,3773.4,4915,338939.1,240081.8,98857.3,4538.9,94318.4,1118490.1,592079,526411.1,35841.7,185087.5,305481.7,1118490.1,78621.1,40135,38486.1,0,19239.5,19246.7,25393.2,22141,3252.2,0,1920,1332.1,34590.6,19946,14644.6,58.5,4949.4,9636.8,72388.7,14995,57393.7,353.3,29990.8,27049.7,93447.6,66217.6,27230,2809.4,16906.3,7514.4,334355.7,255160.8,79194.9,17180.2,40426.6,21588,273082.9,173483.6,99599.3,3525.3,71655.1,24418.9,194695.2,11915.1,1501090.1,867133.3,633956.8,44154.1,284320.9,305481.7,290985.4,40738.5,35849.9,4888.6,39376.8
01/10/1997,46330.2,35470.2,10860,4567.3,6292.7,343624.6,240742.9,102881.7,5607.1,97274.6,1175248.7,608626.9,566621.8,39324,210084.2,317213.5,1175248.7,79561.7,39309,40252.7,0,20250.6,20002.1,24900.2,21983,2917.2,0,1674.8,1242.4,38290.5,22866,15424.5,141.3,5200.8,10082.4,75667.1,17843,57824.1,415.7,30192.1,27216.3,97354.3,71340.2,26014.1,2533.6,15766.7,7713.7,380060.1,267357.1,112703,22064.3,58911.2,31727.5,275314.7,167928.6,107386.1,2680.5,78088,26617.5,192611.6,11488.5,1565203.5,884840,680363.5,49498.4,313651.6,317213.5,329607.6,42321.5,37242.9,5078.6,63837.3
01/01/1998,46952.2,35596.8,11355.4,6035.2,5320.2,359507.5,245896.8,113610.7,6795.4,106815.3,1208088,612349.2,595738.8,34487.8,208096,353154.9,1208088,89016.7,38826,50190.7,0,25206,24984.7,27244.9,23824,3420.9,0,2031.9,1389,41892.4,24892,17000.4,59.4,5781.9,11159.1,83951.4,21196,62755.4,375.4,32780.5,29599.5,103468.7,75611.8,27856.9,2130.7,17279.5,8446.7,375551.6,277939.1,97612.5,19715.8,50695.7,27201,251805,150060.3,101744.7,1658.4,74320.5,25765.8,224609.2,10548.1,1614547.7,893842.8,720704.9,47318.3,320231.6,353154.9,331684,41314,36356.3,4957.7,51519.9
01/04/1998,50546,37296.3,13249.7,6395.5,6854.2,368745.9,250803.5,117942.4,8277.3,109665.1,1271023,627109.4,643913.6,37690.3,225646.2,380577.2,1271023,98243.3,42852,55391.3,0,27663.3,27728,28837.9,25504,3333.9,0,1977.9,1356,43825.7,25791,18034.7,79.6,6123.3,11831.9,89983.8,23215,66768.8,465.3,34875.5,31428,114160.2,83327.2,30833,2104.2,19504,9224.8,373447.3,266183.7,107263.6,20707.5,56314.8,30241.2,269082.3,160236.5,108845.8,2459,79187.3,27199.4,241567.9,11874.6,1690314.9,915209.2,775105.7,52363.2,342165.5,380577.2,358399.2,52135.6,45879.3,6256.3,58746.6
01/07/1998,51129,37259.5,13869.5,6815.1,7054.4,374854.3,252759.1,122095.2,10014.3,112080.9,1398936.1,643704.2,755231.9,39888.2,283616.7,431726.9,1398936.1,87351.5,45411,41940.5,0,18795.1,23145.3,29320.8,25746,3574.8,0,1905,1669.8,48913,28205,20708,130.6,6807.5,13769.9,96655.7,25594,71061.7,412.5,30632.3,40016.9,125737.3,80776.3,44961,2171.8,30391.5,12397.8,449301.7,265361.6,183940.1,21708,111423.9,50808.1,292931.4,172610.3,120321.1,3746.5,83661.4,32913.2,257005.9,11718.8,1824919.4,933722.8,891196.6,56717.6,402752,431726.9,451840.9,54139.2,47642.5,6496.7,73322.7
01/10/1998,52012.4,34177.2,17835.2,6988,10847.2,405068.9,255796.9,149272,11368.8,137903.2,1366753.9,588871.8,777882.1,41826.9,295808.4,440246.8,1366753.9,89203.3,47726,41477.3,0,18624.9,22852.4,30523.7,26566,3957.7,0,2158.4,1799.3,50063.1,28678,21385.1,280.5,7302.5,13802.1,92944.7,24108,68836.7,497,29835.6,38504.1,113349.1,68508.9,44840.2,2462.8,30192,12185.4,452332.8,245725.9,206606.9,23121.3,127924.9,55560.7,263480.9,147559,115921.9,3840.9,79770,32310.9,263231.9,11624.4,1823835.2,878845.9,944989.3,60183.7,444558.9,440246.8,465954.4,57240.8,50371.9,6868.9,91218.2
01/01/1999,52039.1,34541.4,17497.7,7576.8,9920.8,428867.1,265884.8,162982.3,13577.4,149404.9,1333920.1,587538.7,746381.4,40014.2,289387.7,416979.6,1333920.1,90988.8,47954,43034.8,0,19894.9,23140,29700.4,26174,3526.4,0,1917.1,1609.4,47706.4,27103,20603.4,138,7151.1,13314.4,91915.6,23980,67935.6,331.4,30577.9,37026.3,104820.1,59921.4,44898.7,1987.1,31600,11311.6,454056.1,262637.3,191418.8,22577,116539.7,52302.1,257856.4,139769,118087.4,3622.9,81707,32757.5,245518.4,11357.9,1814826.3,887964.9,926861.4,61168.5,448713.3,416979.6,453912.1,57806.5,50869.7,6936.8,73426
01/04/1999,57117.4,37545.9,19571.5,8742.9,10828.6,431672.1,261562.5,170109.6,15657.8,154451.8,1405334.7,593437.7,811897,42087.9,326265.1,443543.9,1405334.7,130726.4,49013,81713.4,0,40839.2,40874.2,29509.5,25863,3646.5,0,1975.7,1670.7,41979.2,28302,13677.2,48.6,4619,9009.7,93004.7,23794,69210.7,545.4,31654.5,37010.7,100193.3,58394.7,41798.6,1146.7,29897.7,10754.2,459082.1,246395.6,212686.5,24612,133286,54788.5,283230.6,161675.4,121555.2,4966.4,83993.1,32595.7,256840,10768.9,1894124.2,892546.1,1001578.1,66488.6,491545.5,443543.9,506209.3,56330.6,49570.9,6759.7,79577.1
01/07/1999,57775.4,37829.8,19945.6,9371.1,10574.5,426307.3,244772.4,181534.9,17794.1,163740.8,1275651.8,540637.1,735014.7,41715.3,253451.6,439847.7,1275651.8,91381.6,46537.1,44844.5,0,19385.1,25459.3,27894.5,24595.1,3299.4,0,1306,1993.4,37136,24148.8,12987.2,91.2,8425.3,4470.6,110355.4,21514.3,88841.1,304.8,42011.5,46524.8,88735.1,52207.5,36527.6,535.2,26347.1,9645.3,451646.2,222181.8,229464.4,26404.5,106300.1,96759.8,287705.1,149452.5,138252.6,5311.1,49676.4,83265,171729.4,9068.5,1759734.5,823239.3,936495.2,68880.5,427766.8,439847.7,514803,56391,49624.1,6766.9,74115.3
01/10/1999,62348.7,38532.4,23816.3,10586.9,13229.4,437151.4,245921.9,191229.5,20223.4,171006.1,1320764,545753,775011,41243.7,264117.5,469649.8,1320764,99537,47552,51985,0,15197.5,36787.5,28324.6,25001.9,3322.7,0,1276.9,2045.8,38497.1,25086.2,13410.9,67.3,9914.4,3429.2,111999.9,20999.8,91000.1,256.7,43620.7,47122.6,87761.1,50018.3,37742.8,1211.3,25342.5,11189,483450.9,229508.4,253942.5,27150.6,131845.5,94946.3,296127.3,147586.4,148540.9,4029.9,36920,107591.1,166538.2,8527.9,1820264.1,830207.3,990056.8,72054,448353,469649.8,560931,52483.6,46185.6,6298,98225.3
01/01/2000,59529.1,37362.6,22166.5,8986,13180.5,460323.4,244718,215605.4,22789.7,192815.7,1423587.2,525539.9,898047.3,40350.1,388751,468946.2,1423587.2,115963.7,46581.1,69382.6,0,34851.6,34531,27389.2,23491.8,3897.4,0,986.2,2911.3,39701.5,24863.3,14838.2,52.3,6377.2,8408.7,134163.4,20758.9,113404.5,309.4,62543.4,50551.8,81795.3,44008.4,37786.9,833.4,26791,10162.5,514973.3,223878.1,291095.2,25716.3,174249.2,91129.7,331920,141958.3,189961.7,3814.1,82952.4,103195.1,168056.2,9624.6,1943439.7,807620.5,1135819.2,72125.8,594747.2,468946.2,681825.1,65133.1,57317.1,7816,94300.9
01/04/2000,64353.9,40197.9,24156,9799.3,14356.7,466609.1,237788.1,228821,25350.2,203470.8,1544229.2,533243,1010986.2,44206.8,448522,518257.4,1544229.2,149287,48074.5,101212.5,0,74162.4,27050.2,26955.6,23355.6,3600,0,1705.4,1894.6,43662.2,27646.9,16015.3,62.3,5902.6,10050.5,145272,22956.2,122315.8,395.9,61188.5,60731.4,77753.4,40568.4,37185,1108.8,24745.5,11330.7,549189.1,227600.2,321588.9,29623.7,188380.9,103584.3,345353.4,143041.2,202312.2,4191.9,92436.7,105683.6,197932.3,8824.2,2075192.2,811229,1263963.2,79356.3,666349.4,518257.4,759841.8,75044.3,66039,9005.3,98905.1
01/07/2000,69630.9,42884.3,26746.6,10615.6,16130.9,464906.8,225595.8,239311,27260.9,212050.1,1582484,527238.5,1055245.5,43684.5,503036.1,508524.8,1582484,145726.6,45394.4,100332.2,0,76511.8,23820.4,27059.9,23167.5,3892.4,0,2060.1,1832.3,40134.5,24839.9,15294.6,24.6,5297.7,9972.3,145559.1,23590.7,121968.4,395.4,63185.7,58387.3,76826.8,40067.6,36759.2,900.5,24830.1,11028.6,563116.8,233031.8,330085,29759.8,192100,108225.1,338265.7,137146.6,201119.1,4786,139050.7,57282.4,237976.4,7818.2,2117021.7,795718.6,1321303.1,81561.1,731217,508524.8,763435.6,84573.9,74425,10148.9,100965.2
01/10/2000,78646.6,48758.6,29888,12364,17524,452986.6,202059,250927.6,29788.4,221139.2,1573494.6,514314.5,1059180.1,50798.7,488166.5,520215,1573494.6,146564.2,45543.3,101020.9,0,85009.1,16011.8,27754.7,24034.7,3720,0,1887.7,1832.3,41334.5,26137.3,15197.2,19.2,5084.3,10093.6,134451.7,23997.6,110454.1,559.7,45105.6,64788.9,73783.5,39108.9,34674.6,859.3,26204.1,7611.3,594558,231213.8,363344.2,35529.1,228167.5,99647.6,350339.4,124278.9,226060.5,5743.1,96708.1,123609.3,196620.2,8088.4,2105127.8,765132.1,1339995.7,92951.2,726829.6,520215,802192.6,79738.4,70169.8,9568.6,120305.8
01/01/2001,86596.3,54003.7,32592.6,13193.1,19399.5,467161.2,194463.7,272697.5,32962.4,239735.1,1569415.2,504335,1065080.2,47809.5,497032.1,520238.6,1569415.2,161090.9,44826.1,116264.8,0,95660.4,20604.5,26082.1,22309.5,3772.6,0,2065.4,1707.2,46291.5,26338.1,19953.4,39.6,2629.5,17284.4,146224,23175.1,123048.9,719.4,40285.8,82043.7,82325.2,40908.9,41416.3,613.2,33097.3,7705.8,657390.6,227613.4,429777.2,34616.6,183298.2,211862.4,327215.9,119163.9,208052,4924.7,139995.6,63131.7,115898.8,6896.2,2123172.7,752802.4,1370370.3,93965,756166.7,520238.6,890619,80337.3,70696.8,9640.5,97529.7
01/04/2001,90979.6,56534,34445.6,13865.3,20580.2,464737.7,179832.4,284905.3,36483.3,248422.1,1510506.3,489445.3,1021061,48495.6,485469.6,487095.7,1510506.3,114643.1,42006.7,72636.4,0,51123.3,21513.1,23439.2,19290,4149.2,0,2454.3,1694.8,38870.5,23877.1,14993.4,63.8,4458.1,10471.6,126522.5,21439.1,105083.4,715.2,50605.5,53762.7,78198.1,39824.7,38373.4,790.3,29226.3,8356.8,595171.5,218446.5,376725,34929.4,190142,151653.5,348314.7,124561.2,223753.5,4878.1,157460.1,61415.3,178227.9,7118.8,2066223.6,725811.7,1340411.9,98844.2,754471.9,487095.7,783698.9,79103.7,69611.3,9492.4,99099.5
01/07/2001,96626.5,58532.3,38094.2,15530,22564.2,470165,175802.3,294362.7,39348.8,255013.9,1507034.3,480196.5,1026837.8,49785.7,461798.8,515253.2,1507034.3,117737.3,42593.7,75143.6,0,42020.4,33123.2,23964.8,19819.1,4145.7,0,2506.5,1639.2,39979.5,24085.9,15893.6,50.9,4995.4,10847.2,126445,22344.4,104100.6,458.4,48173.9,55468.3,77427.9,38704.2,38723.7,744.5,28753.2,9226,605940.8,210128,395812.8,36412.1,193981.3,165419.4,325836.1,122521.2,203314.9,5316.1,141368.1,56630.7,182899.2,6803.7,2073825.8,714531.1,1359294.7,104664.6,739376.9,515253.2,783813.3,76814.7,67596.9,9217.8,99516
01/10/2001,103583.6,64970.8,38612.8,16954.9,21657.9,481717.1,171593,310124.1,42604.8,267519.2,1466396.9,458622.6,1007774.3,56383.8,435488.8,515901.7,1466396.9,125193.1,42660.9,82532.2,0,41083.5,41448.7,22827.1,18824.5,4002.6,0,2434.5,1568.1,40864,25501.6,15362.4,48.7,4546.9,10766.8,120520.6,20753.6,99767,439.9,50878.3,48448.8,74298.5,34712.3,39586.2,787.1,29983.2,8815.9,605000,200620.6,404379.4,40728.4,218213.7,145437.4,372209.4,115549.1,256660.3,6042.9,88348.7,162268.7,97147.3,8336.9,2051697.6,695186.4,1356511.2,115943.6,724665.9,515901.7,842680.6,87228.7,76761.3,10467.4,116068
01/01/2002,109561.8,66916.3,42645.5,19264.6,23380.9,497655,168873.2,328781.8,46015.9,282765.9,1500597.1,427854,1072743.1,54899.5,526107.1,491736.4,1500597.1,117928.1,39668.6,78259.5,0,41610,36649.4,20672.8,16674.4,3998.4,0,2416.9,1581.5,40192.4,24510,15682.4,29.1,4578.5,11074.8,119840.2,20793.7,99046.5,490.5,53582.6,44973.4,70181.5,31431.4,38750.1,452.6,30520.8,7776.7,600178.5,184928.3,415250.2,39445.1,233594,142211.1,329548.1,109847.6,219700.5,5675.6,159804.3,54220.5,193248.9,8806.6,2107813.9,663643.5,1444170.4,120180,832253.9,491736.4,812469.6,91904,80875.5,11028.5,98315.8
01/04/2002,125589.7,74299.1,51290.6,20666.1,30624.5,510291.9,165131.1,345160.8,51047.2,294113.7,1561508.4,434667.3,1126841.1,60062.5,531547.9,535230.7,1561508.4,123541.9,42703.6,80838.3,0,44716.4,36121.9,21438.5,17237.6,4200.9,0,2775,1425.8,39865,25021.9,14843.1,32,4360.8,10450.3,123522.8,20986.7,102536.1,358.2,51791.6,50386.3,68473,31577.1,36895.9,468.2,29969.9,6457.9,633021,198007.9,435013.1,43666.1,229777.7,161569.3,331775.8,99132.5,232643.3,6316.8,168156.5,58170,210649.2,9221.2,2197390,674097.5,1523292.5,131775.8,856286.1,535230.7,842933,99999.9,87999.9,12000,102133.6
01/07/2002,132323.5,80902,51421.5,22061.8,29359.7,522974.5,162411.4,360563.1,57363.1,303200,1519279.9,442287,1076992.9,59929.9,472196.4,544866.7,1519279.9,127507.9,43288,84219.9,0,50021.1,34198.8,21238.2,17128,4110.2,0,2753.1,1357.1,42012.5,26867.4,15145.1,46.3,4530.1,10568.7,118205,20767.7,97437.3,377.7,46248.7,50810.9,70829.5,33787.2,37042.3,592.1,30719.2,5731,636695.5,200061,436634.5,44277.3,227794.1,164563.1,349487.6,100387.7,249099.9,5738.7,110130.2,133231,144406,8897.7,2174577.9,685600.4,1488977.5,139354.9,804756,544866.7,858795.9,105441.9,92788.9,12653,100125.3
01/10/2002,145783.2,87895.5,57887.7,22792.8,35094.9,538889.2,159819.4,379069.8,63606.7,315463.1,1563597.5,462367.7,1101229.8,64145.3,486146.6,550937.8,1563597.5,132531.1,48335.6,84195.5,0,50081.4,34114.1,22736.1,18275.3,4460.8,0,3107,1353.8,41834.2,27112.7,14721.5,40.4,4057,10624.1,120104.1,20235.9,99868.2,455.4,50549.7,48863,65507.1,33285.2,32221.9,646.4,26249.5,5326.1,675100.3,216242.7,458857.6,48505.7,246236.3,164115.6,346225,98880.3,247344.7,5152.7,105865.7,136326.3,150214.8,9344.8,2248269.9,710082.6,1538187.3,150544.8,836704.6,550937.8,872466.9,108837.4,95776.9,13060.5,121287
01/01/2003,146123.1,92305.6,53817.5,24270.3,29547.3,553480.6,153629,399851.6,69873.6,329978,1543161.3,461474.8,1081686.5,63256.2,460850.9,557579.4,1543161.3,130245.1,49570.6,80674.5,0,49820.7,30853.8,22153.7,17803.2,4350.5,0,2799.7,1550.8,37974,27353.2,10620.8,8.7,1295,9317,118965.8,20683.4,98282.4,529.7,47929.3,49823.4,60197.2,32345.3,27851.9,680.8,22124.1,5046.9,654816.4,216006.1,438810.3,45744.6,222327,170738.7,361452.8,97713,263739.8,6566.8,114555,142618,147630.8,9725.5,2242765,707409.4,1535355.6,157400.1,820376.2,557579.4,851173.1,111755.9,93516.6,18239.3,103144.1
01/04/2003,153035,98339.1,54695.9,24491.1,30204.8,565322.7,146775.6,418547.1,74483.7,344063.4,1604271.3,448293.8,1155977.5,64869.7,560778.1,530329.9,1604271.3,165173.2,50692.8,114480.4,0,70652.3,43828.1,21434.8,17074,4360.8,0,2832.7,1528.1,37578.9,27521.5,10057.4,9.7,1382.5,8665.2,120149.8,20163.6,99986.2,485.2,51784.9,47716.1,65092.3,37248.3,27844,702.6,22159.2,4982.3,645630.6,201339.2,444291.4,47542.7,224082.1,172666.6,350901.5,94254.4,256647.1,5807.6,187884.5,62955.1,187988.3,10321.9,2322629,693408.5,1629220.5,163844.5,935046.4,530329.9,882857.6,136499.2,117569.2,18930,104891.8
01/07/2003,168512.5,110100.6,58411.9,23832,34579.9,578272.6,143828.1,434444.5,80318.3,354126.2,1591966.1,443644.1,1148322,62689.8,541362.6,544269.5,1591966.1,138132,48494.7,89637.3,0,50788.9,38848.4,21252.6,16931.6,4321,0,1736,2585,35636.1,25362.7,10273.4,328.2,2783.3,7161.9,120436.1,20351.5,100084.6,293,51590.3,48201.3,51841.3,36060.5,15780.8,812.2,11202.3,3766.3,666333.5,203797,462536.5,45679,235794.3,181063.2,351944.3,92646.1,259298.2,5243.3,187467.5,66587.4,196056.1,10334.1,2338751.2,697572.8,1641178.4,166840.2,930068.7,544269.5,871127.2,153782,136739,17043,107503.2
01/10/2003,178721.7,122874.2,55847.5,22423.9,33423.7,589506.5,139269.9,450236.6,87237.3,362999.2,1660590.6,449100.5,1211490.1,68649.9,582811.7,560028.6,1660590.6,157254.4,51239.2,106015.2,0,72884.6,33130.6,21936.2,17569.2,4367,0,1777.1,2589.9,36239.9,25430.7,10809.2,430.3,3048.4,7330.5,120064.3,22139.4,97924.9,401.3,56698.6,40825,52291.2,34957.1,17334.1,876.9,12442.6,4014.6,744710.3,210075.8,534634.5,51658.8,279756.1,203219.6,314554.7,87689.1,226865.6,4371.4,156204.4,66289.8,202628.6,10911,2428818.8,711244.6,1717574.2,178311.1,979234.5,560028.6,919168.3,146430.8,126932,19498.8,129554.5
01/01/2004,187395.1,131779.3,55615.8,25299.8,30316,612605.9,140004.6,472601.3,93577.1,379024.2,1743263.3,440183.7,1303079.6,65782,682272.4,555025.1,1743263.3,157299.7,51064.7,106235,0,74622.7,31612.3,19942.3,15825.5,4116.8,0,1516.4,2600.4,35095.2,24615.8,10479.4,552.7,4141.2,5785.4,114098.1,22181.5,91916.6,469.8,54489.7,36957.1,53153,34797,18356,817.9,17296,242.2,741619.4,211435.1,530184.3,48725.5,364639.3,116819.5,315080,80264.1,234815.9,4135.5,165567.1,65113.3,295895,11080.6,2543264.3,711967.6,1831296.7,184659,1091612.6,555025.1,918561.8,158098.2,136822.2,21276,112921.6
01/04/2004,207952.6,144172.2,63780.4,28837.4,34943,626926.2,136163.3,490762.9,99915.5,390847.4,1643697.3,446793.4,1196903.9,70671.6,580754.3,545478,1643697.3,160052.6,54455.7,105596.9,0,75100.5,30496.3,18842.8,15685,3157.8,0,873,2284.7,36395.2,25058.5,11336.7,580.8,5717.8,5038.1,117272,21005.4,96266.6,483.6,55729.4,40053.6,62023,35423.7,26599.3,1031.5,25128.2,439.6,750812.8,215820.9,534991.9,53173.2,309281.2,172537.5,335462.6,79344.2,256118.4,4120.2,108924.2,143074,151554.1,11282.2,2478576.1,727128.9,1751447.2,199424.5,1006544.7,545478,953149.1,157516.7,137631.1,19885.6,116856.3
01/07/2004,228665.4,159717.3,68948.1,31189.4,37758.7,643151.2,138803.9,504347.3,105694.3,398653,1698720.9,454029.9,1244691,74840.6,628330.7,541519.6,1698720.9,175586.5,58415.2,117171.3,0,86681,30490.3,19254.7,16109.4,3145.3,0,1042,2103.3,35889.5,24068.7,11820.8,794.3,6051.4,4975,107822.5,14918.7,92903.8,791.3,58961.7,33150.7,63950.2,36409,27541.2,1040.9,26068.9,431.4,821943.2,222254.1,599689.1,56804.1,340289.1,202595.9,341560.8,81854.8,259706,3424.4,109236.6,147044.9,120728,11985.5,2570537.5,752551.1,1817986.4,211724.3,1064742.5,541519.6,1025681.3,159864,138066.8,21797.2,121484.8
01/10/2004,257959.5,182235.6,75723.9,33707.9,42016,666218,140616.8,525601.2,113784.8,411816.4,1806963.2,452748.9,1354214.3,81621.2,739272,533321.1,1806963.2,163283.8,39549.1,123734.7,0,93255.1,30479.7,18200.3,15156.8,3043.5,0,897.8,2145.7,40190.4,28037.8,12152.6,736.1,6142,5274.4,116605.3,15736.1,100869.2,849.4,63682.3,36337.5,69911.8,40278.9,29632.9,1096.1,28111.8,425,872057.9,232953.1,639104.8,62825,364650.7,211629.1,337645.8,81037.1,256608.7,3768.7,182532.3,70307.8,176722,12345.9,2731140.7,775601.3,1955539.4,229113.9,1193104.4,533321.1,1069989.9,162821.9,138824.2,23997.7,148613.6
01/01/2005,273789.9,197440.6,76349.3,36763.9,39585.4,692194.9,144494.6,547700.3,120829.4,426871,1781669.7,450275.8,1331393.9,80314.2,689521.1,561558.6,1781669.7,160704.7,38561.4,122143.3,0,92942,29201.2,18105.1,15099.7,3005.4,0,813.3,2192.1,39779.4,27546.8,12232.6,876.6,5959.1,5396.9,109763.2,15529.7,94233.5,589.3,58693.4,34950.8,70678.4,40391.6,30286.8,1176.4,28729.1,381.3,848485.1,229665.3,618819.8,61585.1,327124.8,230109.9,332292.1,83481.3,248810.8,3472.4,175259.3,70079.1,189247.3,12614.4,2747654.5,792211,1955443.5,237907.5,1155977.4,561558.6,1035480.8,156050.9,131487.4,24563.5,130829
01/04/2005,294236.1,216457.5,77778.6,38690.6,39088,697501.6,151623.4,545878.2,125429.8,420448.4,1742816.1,455514.3,1287301.8,81738,649439.2,556124.6,1742816.1,140706.3,40521.3,100185,0,73279.8,26905.2,18018.9,15135.2,2883.7,0,760.7,2123.1,37094.3,25445.4,11648.9,789.8,5830.8,5028.3,107168.3,16623.6,90544.7,639.6,58244,31661.1,75836.3,43489.1,32347.2,1408.5,30552.4,386.3,820169,234294.2,585874.8,62160.7,342684.4,181029.7,414587.4,80005.5,334581.9,3802.4,138087.1,192692.4,116298.5,12937.1,2734553.8,823595.2,1910958.6,245858.4,1108975.6,556124.6,1061190.3,153309.9,127139.6,26170.3,135644
01/07/2005,324730.3,239481.8,85248.5,42386.4,42862.1,705694.6,154951.9,550742.7,127931.4,422811.3,1715698.9,434519,1281179.9,86438.1,653912.7,540829,1715698.9,137845.1,39259.6,98585.5,0,72034.5,26551,16629.2,13633.3,2995.9,0,849.7,2146.2,35846.4,24133.3,11713.1,698.3,5966.6,5048.2,100610,14705.7,85904.3,621.9,55278.3,30004.2,81466.3,44394.2,37072.1,1728.7,34825.2,518.2,858273.1,230175.6,628097.5,66333.1,346880.1,214884.3,386515.6,68217.3,318298.3,3857.1,138078.4,176362.8,85314.2,13199,2746123.8,828952.7,1917171.1,256755.9,1119586.2,540829,1073904.5,159271.3,125726.2,33545.1,137212.8
01/10/2005,369711.2,275065.8,94645.4,44756.7,49888.7,728127.7,181786.2,546341.5,117321.8,429019.7,1876460,452315.8,1424144.2,95595.6,788037.9,540510.7,1876460,133279.5,36975.7,96303.8,0,69802.6,26501.2,15963.7,13153.5,2810.2,0,785.7,2024.5,36319,24688.7,11630.3,697.8,6114.8,4817.7,106607.6,14333.8,92273.8,613.2,61747.4,29913.1,89314.2,47251.1,42063.1,1891.2,31133.1,9038.8,921274.9,247474.3,673800.6,73376.7,381795.4,218628.5,371308.4,68438.7,302869.7,4750,236659,61460.7,188126,14266.7,2974298.9,909167.8,2065131.1,257674.1,1266946.3,540510.7,1110166.2,161152.1,133037.8,28114.3,156378.7
01/01/2006,390383.6,295963.3,94420.3,46036.3,48384,773123.7,203106.7,570017,113728.7,456288.2,1596241.9,461916.4,1134325.5,90622.7,489112.4,554590.4,1596241.9,118051.6,36327.5,81724.1,0,47582.5,34141.6,13933.1,11319.6,2613.5,0,561.7,2051.7,38466.8,27330.3,11136.5,683.7,3992,6460.8,59792.8,14491.1,45301.7,540.1,24387,20374.5,83132.1,49246.7,33885.4,1869.2,31413.3,602.8,826044,255736.7,570307.3,67914.1,273912.8,228480.3,349715.7,67464.5,282251.2,5160.1,107263,169828.2,92650.4,14455.4,2759749.2,960986.4,1798762.8,250387.7,993784.7,554590.4,917375.3,149892.9,118994.6,30898.3,178609
01/04/2006,426226.3,328016.1,98210.2,46896.6,51313.6,785380.6,213491,571889.6,114802.8,457086.9,1656260.3,487079.7,1169180.6,96529.8,472790.2,599860.7,1656260.3,122513.9,38987.5,83526.4,0,52186.4,31340,13205.8,12144.1,1061.7,0,329.7,732,43586.3,32114.1,11472.2,681.9,4288.7,6501.7,62289.6,13815.3,48474.3,519.8,22986.9,24967.6,92895,53835.6,39059.4,1951.7,35644.8,1462.9,915225,262738.6,652486.4,73890.1,253994.7,324601.6,372053.3,73444.5,298608.8,4741.8,103359,190508,19746.9,14744.5,2867867.2,1028586.8,1839280.4,258229.2,981190.6,599860.7,1019641.3,150008.2,119622,30386.2,217950.8
01/07/2006,462407.5,359943.5,102464,48964.5,53499.6,806759.2,232469.1,574290.1,105733.5,468556.6,1694298,499878.3,1194419.7,102458.3,492619.2,599342.2,1694298,126090.9,39171.8,86919.1,0,52853.2,34065.9,13254.9,12243.3,1011.6,0,322,689.6,42313.1,30695.7,11617.4,745.4,4311.2,6560.8,60300.1,13815.6,46484.5,535.7,23513.9,22434.8,98869.3,58467.3,40402,2087.5,31883,6431.5,946205.3,274996.6,671208.7,80126.8,271264.7,319817.2,359917.7,70488,289429.7,3594.6,108471.1,177364,31978.4,15368.3,2963464.7,1092290.9,1871173.8,257156.2,1014675.4,599342.2,1026777.2,148572.5,118612.3,29960.2,218245.5
01/10/2006,487068.7,391705.3,95363.4,37382.9,57980.4,832754.7,243828.3,588926.4,112101.9,476824.5,1855090.2,550788.4,1304301.8,115189.1,565661.6,623451.1,1855090.2,129562,46084.6,83477.4,0,50279.5,33197.8,13735.2,12759.2,976,0,351.8,624.2,48235.4,36913.5,11321.9,404.2,4509.3,6408.4,61163.1,12741.4,48421.7,423.3,26337,21661.4,110184.5,63742.3,46442.2,2242.2,38249,5951,1062819.9,306909.2,755910.7,90606,336102.4,329202.3,353241.8,71638.2,281603.6,5128.5,109832.5,166642.5,59763.6,16384.7,3174913.6,1186322,1988591.6,264673.9,1100466.6,623451.1,1098298.5,164336.5,136490.4,27846.1,250820.7
01/01/2007,502684.6,410685.7,91998.9,36913.3,55085.6,843810.4,252361.1,591449.3,83798.3,507651,1833043.7,577432.1,1255611.6,143110.4,478992.7,633508.4,1833043.7,133791.4,45183.8,88607.6,0,54334.3,34273.2,14121.2,11557.1,2564.1,0,1911.7,652.4,49836.4,38167.6,11668.8,791,4059.8,6818,77039.9,11067,65972.9,434.3,30146.1,35392.4,157271.3,85198.2,72073.1,31781.1,24016.8,16275.2,1046426.3,312084.9,734341.4,87420.2,278673.7,368247.5,333391.6,74173.5,259218.1,5402,85850.2,167965.9,3883.8,17281.8,3179538.7,1240478.9,1939059.8,263821.9,1041729.4,633508.4,1079833.8,151787.6,126212.5,25575.1,214070.4
01/04/2007,535947.3,438801.6,97145.7,39495.4,57650.3,854192.4,262963.5,591228.9,77435.7,513793.2,2170875.5,618929.4,1551946.1,128622.6,792418.1,630905.4,2170875.5,133319.5,49479.3,83840.2,0,61840.1,22000.1,12971,11518.7,1452.3,0,1415.8,36.5,54705,44878.5,9826.5,608.2,4603.8,4614.4,68235.2,8916.2,59319,371.6,47739.1,11208.3,181336.7,101501.8,79834.9,28802.9,43156,7876,1027947.2,326007.9,701939.3,76888.7,344834.2,280216.5,487448.2,76627,410821.2,4828.7,288829.1,117163.4,187790.2,17122.5,3561015.2,1320694.5,2240320.7,245553.7,1363861.6,630905.4,1252430.9,155505.4,131914,23591.4,218199.5
01/07/2007,557230.4,469103.5,88126.9,41307.7,46819.2,879899.6,281442.7,598456.9,79948.6,518508.4,2181968.9,674933.8,1507035.1,135869.1,701017.5,670148.5,2181968.9,137365.8,50782.5,86583.3,0,64546.3,22037,12909.9,11341.4,1568.5,0,1546,22.5,44930.5,34935.7,9994.8,431.5,5592.4,3970.9,77758.9,10919.2,66839.7,133.3,56538,10168.4,191139.3,116877.8,74261.5,25649,41571.4,7041.1,1069029.8,347623.3,721406.5,91373.5,352292.4,277740.6,538502.4,102453.9,436048.5,105.7,178931,257011.8,92156.2,18176.1,3619098.9,1425480,2193618.9,257125.4,1266345.1,670148.5,1266927.3,155708.6,136847.5,18861.1,231720.7
01/10/2007,575719.1,492055.9,83663.2,33576.2,50087,1030001.6,289846.6,740155,83536.3,656618.6,2229902.6,727768.9,1502133.7,100904.9,715612.5,685616.4,2229902.6,138906.2,45039.9,93866.3,0,72368.7,21497.6,12305,10837.1,1467.9,0,1442.7,25.2,43373.8,34039.8,9334,133.9,5291.4,3908.7,50761.6,11173.4,39588.2,17.2,28843.3,10727.8,216512.1,143864.7,72647.4,19041.4,47517.1,6088.9,1106890.5,375001.9,731888.6,61036.8,380997.2,289854.6,547665.1,107812.1,439853,1413.5,179152.1,259287.4,94226.2,19262.1,3835623.3,1509671.4,2325951.9,218017.4,1422318.1,685616.4,1274744.6,176279,154935.8,21343.2,257710.3
01/01/2008,576755.8,502072.2,74683.6,33174.8,41508.8,1077239.3,299653.5,777585.8,79478.7,698107.1,2327775,761886.9,1565888.1,95302.9,811212.1,659373,2327775,140083.8,44370.3,95713.5,0,77879.9,17833.6,13319.1,11787.6,1531.5,0,1416,115.5,44666.3,35957.1,8709.2,20.7,5437.4,3251.1,41547.5,11111,30436.5,16.2,30007.5,412.8,226760,152429,74331,17754.9,50693.4,5882.6,1077504.9,395916,681588.9,57432.9,438370.9,185785.1,540184.2,110315.9,429868.3,384.8,207407,222076.5,224015.8,19693.4,3981770.1,1563612.6,2418157.5,207956.4,1550828,659373,1263860.6,184793.5,164741.6,20051.9,226772.8
01/04/2008,589185.8,510891.9,78293.9,34943.2,43350.7,1091021.4,310030.3,780991.1,81268.6,699722.5,2351674.6,784513.7,1567160.9,100584.5,827396.4,639180,2351674.6,143926.8,46407.9,97518.9,0,77343.1,20175.8,13451.6,12015,1436.6,0,1416,20.6,46724.9,37131.6,9593.3,4.6,6202.1,3386.6,44554.5,13871.4,30683.1,14.8,29957.7,710.5,232616.4,156303.2,76313.2,17882.6,54727.5,3703.2,1114049.1,407432.2,706616.9,61858.2,464545.3,180213.4,511607.5,111352.4,400255.1,261.7,193204.7,206788.7,224181.2,20562.6,4031881.8,1605435.9,2426445.9,216796.3,1570469.6,639180,1273943.7,202460.7,184142.6,18318.1,245141.1
01/07/2008,586403.7,507468.7,78935,36094,42841,1116950.1,318041.5,798908.6,85807.2,713101.4,2243033.6,828349.2,1414684.4,100290.2,595728.7,718665.4,2243033.6,134983.2,48664.9,86318.3,0,64175.8,22142.5,13463,11894.5,1568.5,0,1546,22.5,51033.3,41465.4,9567.9,4.6,5592.4,3970.9,54979.8,14583.7,40396.1,15.7,29812,10568.4,248358.8,176317.2,72041.6,16467.2,48419.6,7154.7,1116242.1,432257.6,683984.5,62233,346816.8,274934.7,333404.8,103165.9,230238.9,226.3,99366.1,130646.5,269225.2,21343.4,3946387.4,1653859.4,2292528,222191.4,1351671.1,718665.4,1257425.9,216298.5,197534.8,18763.7,240922.2
01/10/2008,568507.6,489376.1,79131.5,36005.4,43126.1,1110360.7,326272.7,784088,61236.8,722851.2,2867555.2,907101.9,1960453.3,86792,1016118.3,857543,2867555.2,178959.2,64771.8,114187.4,0,98694.6,15492.8,11779.7,11605.5,174.2,0,147.1,27.1,57787.8,47266.4,10521.4,8.1,5954.7,4558.5,71056.6,17472.8,53583.8,13.3,40194.5,13376,266269.7,191066.7,75203,9160.1,57698.9,8344,1302487.8,452497.1,849990.7,54729.8,597964.7,197296.3,624914.5,122421.6,502492.9,330.3,215463.8,286698.8,331749.5,22550.4,4546423.5,1722750.7,2823672.8,184034.2,1782095.6,857543,1536193.8,209644,192712.8,16931.2,259640.8
01/01/2009,540113.3,465973.8,74139.5,36449.9,37689.6,1173127.2,337523.3,835603.9,62082.8,773521.1,2945575.2,949393.6,1996181.6,83712.5,1059190,853278.9,2945575.2,208246.5,81232.7,127013.8,0,103917.9,23095.9,12118.4,11959.6,158.8,0,130.9,27.8,55931.7,44971.5,10960.2,13.1,6038.9,4908.1,66731.4,18085,48646.4,11.1,35698.6,12936.6,270314.3,196346.3,73968,8679.8,61258.7,4029.6,1270800,452587.1,818212.9,51456,601131.4,165625.5,664740.1,144211.4,520528.7,332.3,251013.6,269182.8,373472.6,23220.2,4658815.7,1752890.7,2905925,182245.2,1870400.7,853278.9,1608451.9,208563.1,191638.2,16924.9,230462.7
01/04/2009,520759.3,446226.7,74532.6,36543.4,37989.1,1185151.2,342912.9,842238.3,62163.5,780074.8,2802690.5,936666.3,1866024.2,82184.6,1008033,775806.7,2802690.5,217078.5,78089.1,138989.4,0,117928.5,21060.9,12466.1,12319.8,146.3,0,129.2,17.1,49771.3,43980,5791.3,12.9,2183.9,3594.6,59606.1,14731.6,44874.5,10.3,36515.2,8349,275710.5,200229.3,75481.2,8193,57147.4,10140.8,1171213.8,439066.4,732147.4,49920.1,593446.9,88780.4,644333.6,148250.1,496083.5,1030.4,200681.9,294371.2,349492.7,23017.9,4508601,1725805.9,2782795.1,180891.5,1826096.9,775806.7,1552374.6,211182.6,194560,16622.6,226582.6
01/07/2009,521504.1,426428.3,95075.8,57432.8,37643.1,1196543.4,345692.5,850850.9,61791.1,789059.8,2790693.5,946530.4,1844163.1,54591.8,1017512.4,772058.8,2790693.5,217350.8,79240.4,138110.4,0,117824.9,20285.5,12531.3,12357.5,173.8,0,146.8,27,54867,44624.6,10242.4,12.4,5640,4589.9,67526.3,17451.7,50074.6,9.4,41614.6,8450.6,290225.6,209576,80649.6,7808,62353.6,10488,1162548.1,442571.2,719976.9,23570.4,590238.3,106168.2,607479,140709,466770,12.1,199694.2,267063.7,354985.9,23179.5,4508741,1718651.2,2790089.8,173815.7,1844215.3,772058.8,1529769.8,230015.9,213536.7,16479.2,230627.9
01/10/2009,519770.6,414090.6,105680,59907,45773,1167143.8,356333.6,810810.2,24320.1,786490.1,2804589.2,965014.7,1839574.5,55024.9,1010742.3,773807.2,2804589.2,198102.1,77005.1,121097,0,108860.1,12236.9,11977.5,11811,166.5,0,140.4,26.1,53787.5,43058.4,10729.1,12.9,7153.9,3562.3,71413.4,17455.2,53958.2,9.1,45791,8158,293135.7,209736.2,83399.5,5297,64473.8,13628.7,1317623,462265.8,855357.2,25937.8,597489,231930.4,596927.4,143683,453244.4,28.5,186834.1,266381.8,237883,23739.6,4491503.6,1735438.9,2756064.7,139252,1843005.4,773807.2,1592829.3,243649.2,226555.2,17094,261768.8
01/01/2010,509420.1,402871.7,106548.4,63670.5,42877.9,1224732.5,365859.6,858872.9,24458.7,834414.2,2922841.8,964753.6,1958088.2,53986.6,1130990.4,773111.3,2922841.8,200514.8,75434.1,125080.7,0,96060.9,29019.8,13141.4,12944.7,196.7,0,172.1,24.7,54762.1,44700.7,10061.4,16.5,5437.8,4607.1,71139.1,17572.6,53566.5,10.4,44203.3,9352.9,298850.9,213980.8,84870.1,5217.7,65786.5,13865.9,1345682.8,456084.7,889598.1,23791.9,686382.5,179423.6,590968.7,144036,446932.7,111.1,232947.3,213874.3,322943,24839,4656994.4,1733484.9,2923509.5,142115.8,2008282.5,773111.3,1564095.5,251671.8,234608.8,17063,238366.4
01/04/2010,518119.8,408714.3,109405.5,64920.9,44484.6,1236097.1,371357.3,864739.8,24318.6,840421.3,3003454.1,987837.2,2015616.9,53389.9,1108319.9,853907.2,3003454.1,207234.2,78275.9,128958.3,0,102557.2,26401.1,14242.7,14053.2,189.5,0,176.9,12.7,59279.8,49664.3,9615.5,15.7,5737.1,3862.7,40342,12941,27401,10,27391,0,309843.2,224254.9,85588.3,5226.9,66627.7,13733.7,1427608.2,460951.7,966656.5,23315.2,645208.3,298133,615375.2,147696.2,467679,166.8,260621.7,206890.5,304873.5,24655.3,4757671,1767908.8,2989762.2,142629.4,1993225.8,853907.2,1641799.2,250046,234491.6,15554.4,251416.4
01/07/2010,526550.8,416598.9,109951.9,65951.1,44000.9,1250547,379099.2,871447.8,24305.1,847142.8,3006600.6,1026864.6,1979736,53326,1087527.5,838882.4,3006600.6,210180.3,79758.7,130421.6,0,105877,24544.6,14670.4,14423.3,247.1,0,222.1,25,74927.6,62564.5,12363.1,16.3,5758.1,6588.7,39091.3,11918.8,27172.5,9.6,27162.9,0,327461,236696.4,90764.6,4616.7,69684,16463.8,1466922,472366.6,994555.4,23452.7,625583.1,345519.6,632362.9,149136.3,483226.6,207.2,253240.3,229779.1,215961.6,25023.5,4783698.4,1822562.7,2961135.7,143582.2,1978671.2,838882.4,1687410.6,251286.5,235204.5,16082,252003.8
01/10/2010,545875.2,430554.5,115320.7,64824.1,50496.5,1273815.1,396156.1,877659,24350.6,853308.4,3007885,1069363,1938522,55502.8,1056701.7,826317.6,3007885,208527.1,75174,133353.1,0,102554.9,30798.3,15332.3,15105.9,226.4,0,214,12.4,91358.5,64416.8,26941.7,16.6,21931.9,4993.2,46372.5,17159.8,29212.7,9.8,29202.9,0,339136.3,246304,92832.3,4224.3,70331.2,18276.8,1522914.8,494603.9,1028310.9,25290.4,572386.9,430633.6,640488.5,156598.6,483889.9,235.1,260079.9,223574.9,118028.4,25726.6,4827575.3,1896073.6,2931501.7,144677.5,1960506.6,826317.6,1758406.2,265429,251744.4,13684.6,325421.5
01/01/2011,555011.5,442216.9,112794.6,64712.5,48082.1,1331748.9,401447.2,930301.7,24312.5,905989.3,3315247.7,1110215.4,2205032.3,54442.6,1296173.6,854416.1,3315247.7,208850.2,73283.6,135566.6,0,113096.9,22469.6,14418.9,14152,266.9,0,255,11.9,94791.8,66411.7,28380.1,16.5,22221,6142.6,62131,18087.7,44043.3,9.4,42836.5,1197.4,349313.5,250872.8,98440.7,4229.1,77360.4,16851.2,1545370.8,513718.2,1031652.6,24246.9,777765.2,229640.6,671700.5,173689.4,498011.1,261.8,262638.6,235110.7,342992.1,25678.9,5202008.1,1953879.5,3248128.6,143467.6,2250245,854416.1,1811006.1,261651.3,247903.9,13747.4,299804.5
01/04/2011,581935.8,468963.1,112972.7,63164.9,49807.8,1361692.5,430957.9,930734.6,23903.2,906831.4,3176644.6,1117658.3,2058986.3,54907.1,1157647.7,846431.5,3176644.6,221756.2,65248.5,156507.7,0,118659.3,37848.4,16610.9,16347.9,263,0,263,0,91091.5,62254.2,28837.3,16.8,22758.8,6061.7,65735.3,20442.7,45292.6,9.1,41611.8,3671.7,375210.9,256270.8,118940.1,3981.2,77018.8,37940.1,1588478.1,527574.9,1060903.2,24304.8,612630.6,423967.8,660499.2,169519.3,490979.9,282.2,284705.4,205992.3,130949.5,26313,5120272.9,2017579.3,3102693.6,141975.2,2114286.9,846431.5,1852770.5,278204,264444.3,13759.7,314533.2
01/07/2011,613552.3,499943.7,113608.6,63240.9,50367.7,1380505.2,438581.2,941924,23760.1,918163.9,3490103.9,1191887.9,2298216,56264,1202387,1039565,3490103.9,238618.1,70233.8,168384.3,0,123728.8,44655.5,18550.8,18264.2,286.6,0,269.7,16.9,103180.8,70604.6,32576.2,14.1,25264.5,7297.6,66594.3,22467.4,44126.9,8.5,40522.7,3595.7,410134.7,276206.4,133928.3,3757.9,95864.6,34305.8,1692955.9,552477.4,1140478.5,24595.9,598439.9,517442.7,739479.1,181634.1,557845,219.1,318296.8,239329.1,192921.7,27668.5,5484161.4,2130412.8,3353748.6,143265,2170918.6,1039565,2035185.4,283996.6,270151.7,13844.9,334424.8
01/10/2011,645379.1,532408.1,112971,60329.9,52641.1,1393446,447624.6,945821.4,23717.9,922103.4,3859474.7,1258609.6,2600865.1,59075,1467972.7,1073817.5,3859474.7,249849.6,72620.3,177229.3,0,122378.7,54850.7,17715.9,17429.3,286.6,0,269.7,16.9,108713.5,76136.5,32577,14.9,25264.5,7297.6,65917.1,21789.8,44127.3,8.9,40522.7,3595.7,424529,291072.2,133456.8,3286.4,95864.6,34305.8,1780004.2,585325.2,1194679,26960.5,865655.9,302062.6,752702.9,194236.3,558466.6,262.2,318016.6,240187.8,431500.4,28542.1,5898299.8,2238642.3,3659657.5,143122.8,2442717.2,1073817.5,2096405.4,294301.4,280417.1,13884.3,397543.2
01/01/2012,655509.3,550877.5,104631.8,51819.1,52812.6,1456151.6,459752,996399.6,23521.8,972877.8,3722831.5,1257743.1,2465088.4,49212.9,1430983.6,984891.7,3722831.5,272713.6,66382.2,206331.4,0,146623,59708.4,18280.3,17966,314.3,0,314.3,0,103092.3,71875.5,31216.8,14.2,25629,5573.5,84639.8,21771.9,62867.9,8.5,59815.9,3043.4,460418.8,296125.6,164293.2,2935.1,113660,47698.1,1792062.6,584882.3,1207180.3,17550.2,698012.2,491617.9,767654.7,198739.6,568915.1,261,386929.2,181724.9,195525.5,28443.9,5834492.4,2268372.6,3566119.8,124553.8,2456674,984891.7,2206586.1,312581.7,298818,13763.7,338589.2
01/04/2012,682504.1,579045.6,103458.5,51093.5,52365,1468574.2,467154.4,1001419.8,23049.3,978370.5,3863090.3,1315794,2547296.3,50557.4,1448805,1047933.9,3863090.3,273013.1,66587.8,206425.3,0,143385,63040.3,19612,19307,305,0,305,0,105282.1,75922.2,29359.9,13.6,24419.1,4927.2,108039.3,22880.7,85158.6,8.1,67825.6,17324.9,508281.8,325939.2,182342.6,2867.9,130823.8,48650.9,1878916.9,598856.3,1280060.6,17598.7,679756.5,582705.4,779931,206300.8,573630.2,259.5,402290,171080.7,160204.5,29809.6,6014168.6,2361994,3652174.6,124700.2,2479540.5,1047933.9,2322790.4,307772.9,294029,13743.9,369966
01/07/2012,719716.1,611731.2,107984.9,52115.3,55869.6,1499704.6,479299.3,1020405.3,22921.2,997484.1,3908156.8,1333767.6,2574389.2,51968.6,1446804.6,1075616.2,3908156.8,275801.6,65959.4,209842.2,0,147425,62417.3,20901.2,20591.7,309.5,0,309.5,0,106545.5,74215,32330.5,14,25264.1,7052.5,108252.8,25713.9,82538.9,8.4,78878.4,3652,524276.4,341843.3,182433.1,2735,126585.2,53113,1847479.8,603674.2,1243805.6,18098.7,678674.2,547032.7,766086.3,201770.1,564316.2,278.1,389668.2,174369.9,227978.8,30834.4,6127577.5,2424798.1,3702779.4,127005.1,2500158.3,1075616.2,2280894.1,316379,302831.2,13547.8,369829.6
01/10/2012,757192,641522.6,115669.4,48844.3,66825.2,1511822.1,488044.1,1023778,22687.1,1001090.8,4009637.9,1379203.6,2630434.3,50827.3,1462231.3,1117375.7,4009637.9,293020.4,72639.3,220381.1,0,143945.1,76436,20437.7,20103.5,334.2,0,334.2,0,108857.1,76444.6,32412.5,11.2,24667.5,7733.9,125131.4,25847.6,99283.8,6.2,80397.5,18880.1,536288.3,359657.6,176630.7,2717.3,141672.4,32240.9,1915905.7,618974.5,1296931.2,15759.9,655552.5,625618.8,776808.3,205536.5,571271.8,213.2,415662.1,155396.5,201069.5,32119.5,6278652,2508770.3,3769881.7,122358.7,2530147.3,1117375.7,2364790.7,305134.3,291387.6,13746.7,407207.8
01/01/2013,768713.2,654693.6,114019.6,47599,66420.6,1553420.4,495604.2,1057816.2,3006.4,1054809.8,3973930.9,1385321.5,2588609.4,47692.5,1476958,1063959,3973930.9,294270.2,67293.4,226976.8,0,154852.5,72124.3,16846.4,16501.3,345.1,0,345.1,0,101397.8,71012.1,30385.7,10.6,22839.2,7536,128449.5,33177.1,95272.4,6.2,79017.9,16248.3,532154.1,359533.9,172620.2,320.5,136378.6,35921.1,1881435.1,627730.8,1253704.3,15186.7,679468.8,559048.8,765054.4,210072.9,554981.5,209.2,404055.9,150716.4,222364.1,31959.3,6296064.5,2535619.3,3760445.2,98297.9,2598188.4,1063959,2304891.7,319043.8,305382.7,13661.1,358449.8
01/04/2013,794494.9,675155.4,119339.5,50162,69177.5,1556541.2,502236.4,1054304.8,3173.1,1051131.8,4181567.2,1432562.1,2749005.1,45180.8,1540883.8,1162940.4,4181567.2,337489.9,73591.5,263898.4,0,177319.4,86579,18321,17967.2,353.8,0,353.8,0,104898.2,72577.4,32320.8,4.3,24326.6,7989.9,120274.1,35638.7,84635.4,1.3,81750.1,2884,526297.3,356797.4,169499.9,23,140163.7,29313.2,1961416,657858.5,1303557.5,13778.7,694138.9,595639.8,803198.1,218131.4,585066.7,62.2,422831.3,162173.2,278361.3,31311.3,6532603.3,2609953.9,3922649.4,98515.9,2661193.1,1162940.4,2412013.1,341331.9,327882.1,13449.8,379951.9
01/07/2013,823403.7,700670.6,122733.1,51147.4,71585.7,1595820.5,517083.8,1078736.7,3301.8,1075434.9,4324156.6,1478550.2,2845606.4,44791.5,1521680.8,1279134.2,4324156.6,353974.6,82396.6,271578,0,176191.5,95386.5,19290.7,18939.5,351.2,0,351.2,0,107243.1,73442.5,33800.6,0,25868.8,7931.8,142399.1,39798.6,102600.5,0,85263.6,17337,541443.5,371327.3,170116.2,0,127954.1,42162.1,2033051.5,671072.4,1361979.1,12222.6,669521.3,680235.2,819952.5,221573.3,598379.2,0,436530.3,161848.9,274232.7,32568.9,6743380.8,2696304.6,4047076.2,99240.7,2668701.4,1279134.2,2512634,340035.9,326087.6,13948.3,371740.6
01/10/2013,849370.1,714640.6,134729.5,53400.5,81329,1603390.1,542557.9,1060832.2,3662.9,1057169.3,4710853.5,1548767.7,3162085.8,47540.9,1713763.3,1400781.7,4710853.5,359536.9,77232.6,282304.3,0,173278.4,109026,20446.5,20098.3,348.2,0,348.2,0,115039.5,79821,35218.5,0,27908,7310.5,143154.1,37978,105176.1,0,86377.4,18798.7,561094.5,376829.9,184264.6,0,145479.9,38784.7,2176552.9,723486,1453066.9,13650.8,804016.6,635399.5,858172.9,233321.9,624851,0,476354.8,148496.2,442966.1,33890.1,7163613.7,2805966.2,4357647.5,104604.3,2852261.6,1400781.7,2657331.2,345719.7,331472.2,14247.5,434757.2
01/01/2014,849596.6,718222.1,131374.5,54094.5,77280.1,1671613.2,557944.1,1113669.1,3676,1109993,4639123.6,1537833.9,3101289.7,48369,1643409.8,1409510.8,4639123.6,354246.1,67424.9,286821.2,0,175782.3,111038.8,19856.4,19495.1,361.3,0,361.3,0,110835.7,73896.6,36939.1,0,29652.2,7286.9,148287.2,40917.6,107369.6,0,89039.1,18330.5,556963,372933.6,184029.4,0,145292.7,38736.7,2161636.1,730261.4,1431374.7,14423.2,749188.1,667763.4,870882.9,232904.7,637978.2,0,454094.1,183884.1,382470.4,33945.8,7160333.4,2814000.1,4346333.3,106139.5,2830682.9,1409510.8,2656123.2,351059.8,336732.7,14327.1,400228.5
01/04/2014,869800.9,735792.2,134008.7,55306.1,78702.5,1677934.9,567940.8,1109994.1,3803.5,1106190.6,4753538.6,1585197.9,3168340.7,50711.6,1615514.9,1502114.1,4753538.6,379846.3,70150.6,309695.7,0,177451.6,132244.1,20711.8,20508.3,203.5,0,168.8,34.7,118114.8,81857.1,36257.7,0,28989.4,7268.3,150160,42711.7,107448.3,0,88550.2,18898,517707.9,370790.3,146917.6,0,106116.3,40801.3,2251643.4,762052.5,1489590.9,16168.7,756780.8,716641.4,908921.2,237127.4,671793.8,0,457457.8,214336,371890.3,34542.9,7301274.4,2888930.9,4412343.5,109821.2,2800408,1502114.1,2731229.3,347566.9,333057.3,14509.6,405777.6
01/07/2014,892548,755958.5,136589.5,57985.6,78603.9,1719009.9,577333.9,1141676,4176,1137500,4985694.4,1617586.6,3368107.8,52806.3,1756817.9,1558483.8,4985694.4,398210.3,68018.8,330191.5,0,196853.4,133338.1,21690.5,21478.5,212,0,212,0,129395,92291.7,37103.3,0,30121.1,6982.2,159726.6,43051.6,116675,0,97225.1,19449.9,536639.2,386821.3,149817.9,0,123676.2,26141.8,2358226.1,767670.3,1590555.8,18286.5,837853.9,734415.5,919227.6,238254.4,680973.2,0,470876.2,210097,428059.3,34519.8,7597252.3,2950879,4646373.3,114967.9,2972921.8,1558483.8,2872055,354532.2,339344.8,15187.4,417826.7
01/10/2014,909242.9,765546.5,143696.4,58190.6,85505.8,1728829,591882.3,1136946.7,4313.6,1132633.1,5306899.8,1703748,3603151.8,48208.5,1813057.5,1741885.7,5306899.8,406270.3,70740,335530.3,0,198339.8,137190.5,21994.2,21780.2,214,0,214,0,139202.5,100748.2,38454.3,0,27184.8,11269.5,165471.4,43557.6,121913.8,0,101231.8,20682,537549.7,403335,134214.7,0,120191.6,14023,2501803.7,802008.8,1699794.9,13014.2,853432.6,833348.1,1002462.8,261578.2,740884.6,0,512462.9,228421.7,496950.9,35194.3,7944971.7,3061176.8,4883794.9,110712.7,3031196.4,1741885.7,3045298,339551.2,326856.8,12694.4,490486.9
01/01/2015,908640,768325.5,140314.5,59655.8,80658.7,1820720.5,606930.2,1213790.3,8924.7,1204865.5,5393045.4,1744034.1,3649011.3,60967.2,1862061.7,1725982.5,5393045.4,412037.4,73302.5,338734.9,0,245759.2,92975.7,23033.9,22816,217.9,0,217.9,0,143232.2,103459.9,39772.3,0,26493.2,13279.1,169197.8,47201.3,121996.5,0,100856.8,21139.7,564117.3,418283.9,145833.4,0,110002.5,35831,2528954.9,823985.6,1704969.3,25805.9,901600.7,777562.7,1051532.5,254984.9,796547.6,0,477131.4,319416.2,465778.1,35161.3,8122405.9,3119289.8,5003116.1,129547.7,3147585.9,1725982.5,3093839,358016.2,342303.8,15712.4,433476.2
01/04/2015,930893.1,787647.8,143245.3,61128.8,82116.5,1830301,619884.3,1210416.7,8632.5,1201784.3,5687458.7,1800081.8,3887376.9,63053.4,1986371.8,1837951.6,5687458.7,421383.9,75587,345796.9,0,251298.5,94498.4,24574.5,24349.5,225,0,225,0,139757.9,101998.9,37759,0,25675.7,12083.2,128880.8,49093.6,79787.2,0,62529.1,17258.1,625559.7,427100.7,198459,0,193852.3,4606.7,2679534.6,850959.9,1828574.7,26512.5,945796.1,856266.1,1108947.9,270992.2,837955.7,0,506995.1,330960.6,522278.5,36540.9,8448652.8,3207613.9,5241038.9,132814.7,3270272.6,1837951.6,3281839.6,373275.4,353070,20205.4,484718.6
01/07/2015,951038.8,819098.5,131940.3,86259.6,45680.7,1871220.1,635221.5,1235998.6,8933.3,1227065.4,6006605.8,1902994.3,4103611.5,107826,2005266.2,1990519.4,6006605.8,457254.7,85500.9,371753.8,0,200022.3,171731.5,27427.2,27202.7,224.5,0,224.5,0,152216.2,111979.4,40236.8,0,26857.9,13378.9,147122.5,47565.4,99557.1,0,62171.5,37385.6,645771.1,453603,192168.1,0,185186.3,6981.8,2784282.1,894285.3,1889996.8,70255.8,1003577.9,816163.2,1162004,282857.6,879146.4,0,527225.8,351920.6,592957.8,37570.2,8828864.7,3357314.3,5471550.4,203018.9,3278012.3,1990519.4,3382839.5,398364,378375.9,19988.1,475561.5
01/10/2015,985986.9,846223.7,139763.2,88248.7,51514.5,1890949.7,653449.5,1237500.2,8809.9,1228690.3,6045995.5,2003544.9,4042450.6,113183.9,1895227.1,2034039.6,6045995.5,455586.6,88365.6,367221,0,208915.4,158305.6,27267.7,27035.3,232.4,0,232.4,0,153382.1,119851.4,33530.7,0,29702.5,3828.2,146065.4,47126.9,98938.5,0,62368.9,36569.6,665197.5,468628,196569.5,0,184725.6,11843.9,2896486,944947.5,1951538.5,74587.5,917521.1,959429.9,1178391.3,307590.2,870801.1,0,491761.2,379039.9,485022.5,38596.4,8922932.1,3503218.1,5419714,210242.5,3175431.9,2034039.6,3423380.4,399806,380388.3,19417.7,519936.1
01/01/2016,1058841.2,859532.9,199308.3,149603.9,49704.4,1975268.2,667645.6,1307622.6,8805.4,1298817.2,6284342.5,2039792.2,4244550.3,168826.2,1988714.1,2087010,6284342.5,472714.1,81965.8,390748.3,0,199874.7,190873.6,27569.1,27432.5,136.6,0,136.6,0,143785.5,111262.8,32522.7,0,21410,11112.6,143317,47829.5,95487.5,0,57614.5,37873,668609.9,476986.7,191623.2,0,155957,35666.3,2949068,973210.4,1975857.6,129889,1017698.8,828269.8,1167306.3,321104.5,846201.8,0,536022.5,310179.3,673035.4,38937.2,9318451.9,3566970.7,5751481.2,327235.5,3337235.7,2087010,3071344.6,401203,381115.8,20087.2,494783.3
01/04/2016,1102680,891575.9,211104.1,159833.9,51270.2,2008428.9,685022.4,1323406.5,7838.4,1315568.1,6547740.7,2137648.5,4410092.2,178633.3,1996042.2,2235416.8,6547740.7,518911.8,92654.6,426257.2,0,202792.8,223464.5,28191.4,27941.2,250.2,0,250.2,0,154034.4,118612.9,35421.5,0,22968.7,12452.9,152648,47548.4,105099.6,0,66095.8,39003.8,596848.9,503074.1,93774.8,0,86059.4,7715.3,3117098.4,1003480.4,2113618,138709.4,1095646.5,879262.1,1286956.5,344336.9,942619.6,0,522228.8,420390.8,653127.4,39923.9,9658849.6,3714246.8,5944602.8,346305.6,3362880.5,2235416.8,3557426.8,404197,383740.7,20456.3,523550.9
01/07/2016,1150892.1,925037.9,225854.2,173979.3,51874.9,2057892.1,701182.2,1356709.9,7820.6,1348889.2,6746413.1,2243590.6,4502822.5,187869.8,2002514.3,2312438.4,6746413.1,539062.7,91135.3,447927.4,0,203837.8,244089.5,28543.7,28282.2,261.5,0,259.5,2,142501,125940.4,16560.6,0,7309.9,9250.7,158628.3,48245.9,110382.4,0,69449.9,40932.5,597873.9,504941.2,92932.7,0,82723.6,10209.1,3192084.8,1088185.9,2103898.9,146332.9,1099460.1,858106,1357314.4,356859.7,1000454.7,0,539473.5,460981.2,688867.4,41536.9,9955197.3,3869810.7,6085386.6,369669.7,3403278.4,2312438.4,3605783.7,419332,399030.4,20301.6,544226.6
01/10/2016,1195094.5,950353.7,244740.8,185408.7,59332.1,2072998.2,719549.9,1353448.3,7677.6,1345770.7,7183690.2,2349989.7,4833700.5,200393.8,2204886.4,2428420.2,7183690.2,577097.8,102714.2,474383.6,0,249369.1,225014.5,28821.3,28520.3,301,0,299.1,1.9,177463,134982.9,42480.1,0,28753.8,13726.2,167551.6,51070.9,116480.7,0,75934.3,40546.4,617358.5,488193,129165.5,0,118372.4,10793.1,3399743.8,1151201,2248542.8,156618,1189844.5,902080.3,1408762.3,393307.4,1015454.9,0,542313.2,473141.7,763116.1,43775.8,10451782.9,4019893.3,6431889.6,393480.1,3609989.2,2428420.2,3850164.2,420618,400591.7,20026.3,636878.1
01/01/2017,1211583,960290,251293,194552.1,56740.9,2148079.3,734741.9,1413337.4,7945.6,1405391.8,6960364.8,2370062.7,4590302.1,200261.8,2190684.6,2199355.7,6960364.8,578304.8,112006.7,466298.1,0,215098,251200.1,28925.6,28608.7,316.9,0,293.3,23.6,175340.7,129818.6,45522.1,0,31926.5,13595.6,171179.6,54875.8,116303.8,0,76895,39408.8,645304.2,482079.9,163224.3,0,153502.6,9721.7,3344151.5,1185812.1,2158339.4,156678.7,1203114.7,798546,1323389.2,376860.9,946528.3,0,509854.5,436673.8,650186.1,43583.1,10320027.1,4065094.6,6254932.5,402759.5,3652817.3,2199355.7,3717940.2,416891,394977.2,21913.8,478852.5
01/04/2017,1250437.3,990290.4,260146.9,202466.6,57680.3,2174758.7,747151.1,1427607.6,8191.3,1419416.3,6931747.3,2437865.4,4493881.9,191663.7,2153743.5,2148474.7,6931747.3,589201.3,115088.4,474112.9,0,211803.8,262309.1,30241,29917.8,323.2,0,321.1,2.1,178742.5,134081,44661.5,0,31389.7,13271.8,169358.5,59537.7,109820.8,0,73036,36784.8,646168.8,483809.9,162358.9,0,155064.9,7294,3368495.5,1228031.4,2140464.1,147414.1,1201695.2,791354.8,1322676.2,387399.2,935277,0,480432.8,454844.2,582613.9,44249.6,10356943.3,4175306.9,6181636.4,402321.6,3630840.1,2148474.7,3697484.8,434695,412575.6,22119.4,552155.4
01/07/2017,1286294.8,1015521.6,270773.2,212332.1,58441.1,2223452.4,762953.9,1460498.5,8519.6,1451978.9,7211890,2512651.8,4699238.2,195913.5,2251947.7,2251377,7211890,601170.4,109187.6,491982.8,0,296883.6,195099.2,32550.1,32240.2,309.9,0,308.3,1.6,194157.3,149327.2,44830.1,0,31561.1,13269,173990.4,59839.5,114150.9,0,75769.7,38381.2,651101.7,490412.5,160689.2,0,153423.5,7265.7,3443928.2,1264347.1,2179581.1,148114.9,1215425,816041.2,1350165.4,407297.7,942867.7,0,478576.5,464291.2,717027.9,47798.6,10721637.2,4291127.3,6430509.9,416765.2,3762367.7,2251377,3764235.7,460585,438523.9,22061.1,561170.7
01/10/2017,1328323.6,1036987.1,291336.5,222467.8,68868.7,2252836.8,778416.6,1474420.2,8696.5,1465723.7,7693833.9,2665314.2,5028519.7,205619.5,2356073.9,2466826.3,7693833.9,671321.6,130965.1,540356.5,0,249440.3,290916.2,32141.6,31830.3,311.3,0,309.9,1.4,210043.2,159964.6,50078.6,0,34110.1,15968.5,183916.9,61842.8,122074.1,0,76199,45875.1,675710.7,507771.4,167939.3,0,160920.3,7019,3642501.3,1339204,2303297.3,155316.2,1270478.7,877502.4,1333723.5,433736,899987.5,0,564615.6,335371.9,894171.8,50303.3,11274994.3,4480717.9,6794276.4,436783.8,3890666.3,2466826.3,3903743.5,480790,455805.1,24984.9,662586.1
01/01/2018,1337281.4,1045619,291662.4,228423.5,63238.9,2342620.7,793144.9,1549475.8,8945.5,1540530.3,7376026,2685082,4690944,203968.1,2227028.8,2259947.1,7376026,668094.3,123732.5,544361.8,0,264794.2,279567.6,30319.8,30008.5,311.3,0,309.9,1.4,181538.7,135281.5,46257.2,0,28553,17704.2,189170.9,77948,111222.9,0,74995.9,36227,685315.1,489749.4,195565.7,0,189078.8,6486.9,3586354.3,1347292.5,2239061.8,153579.9,1258479.9,827002,1284010.2,481069.6,802940.6,0,410817.1,392123.5,700834.5,50388.2,11055928.1,4523845.9,6532082.2,441337.1,3830798,2259947.1,3767400.8,504387,485646.2,18740.8,578326.2
01/04/2018,1361597.2,1064750.4,296846.8,233016.5,63830.3,2355957.1,810486.9,1545470.2,9263.7,1536206.5,7881124.1,2856146.7,5024977.4,202279.3,2400104.1,2422594,7881124.1,723756.7,152616.6,571140.1,0,272339.5,298800.6,31470.4,31170,300.4,0,299,1.4,192620.1,144447.9,48172.2,0,32730.5,15441.7,205484.7,80897.1,124587.6,0,86020.3,38567.3,719217,525338.7,193878.3,0,186897.6,6980.7,3724487.7,1402004.2,2322483.5,150981.7,1301609.4,869892.4,1379077.7,519672.2,859405.5,0,520207.8,339197.7,853712.2,51297.6,11598678.4,4731384,6867294.4,444559.5,4000140.9,2422594,3944717.3,519357,495088.3,24268.7,610169.5
01/07/2018,1383863.6,1083144.1,300719.5,237017.4,63702.1,2409835.8,832000.4,1577835.4,9470.8,1568364.6,7647059.1,2876706.9,4770352.2,202640.9,2295526.2,2272185.1,7647059.1,705057.1,151600.3,553456.8,0,272216.3,281240.5,31816.5,31517.6,298.9,0,297.5,1.4,180917.9,134893.9,46024,0,32134.1,13889.9,198300,76288.9,122011.1,0,85087.4,36923.7,667583.9,548844.3,118739.6,0,112141.6,6598,3628341.3,1409203.3,2219138,151179.7,1277275.4,790682.9,1371824.1,524358.6,847465.5,0,516373.9,331091.6,811757.1,51461.2,11440758.5,4791851.4,6648907.1,449129.1,3927592.9,2272185.1,3732099,527092,503236.7,23855.3,607406.5
01/10/2018,1410533.6,1101439.1,309094.5,239892.2,69202.3,2432281.2,852516.5,1579764.7,9810.5,1569954.2,7951431,2982716,4968715,191893.3,2423339.1,2353482.6,7951431,694968.2,153871.5,541096.7,0,267703.7,273393,29740.6,29445.4,295.2,0,295.2,0,198463.5,153427.4,45036.1,0,30851.9,14184.2,199236,80151.6,119084.4,0,81295.1,37789.3,725588.5,589195.6,136392.9,0,129507.6,6885.3,3732213,1437631,2294582,138845.7,1321274.7,834461.6,1547106.8,538993.5,1008113.3,0,592410.9,415702.4,771066.8,53047.6,11794245.8,4936671.6,6857574.2,441596,4062495.6,2353482.6,3981865.5,527143,503253.6,23889.4,713180.2
01/01/2019,1399368.6,1104682,294686.6,230597.2,64089.4,2535444.2,872507.8,1662936.4,10053.5,1652882.9,8625342.1,3063401.4,5561940.7,198414.2,3054129.1,2309397.4,8625342.1,762106.1,151811.1,610295,0,409787.5,200507.5,29882.5,29882.5,0,0,0,0,202411.6,155951.6,46460,0,31882.8,14577.2,204911.3,86256.2,118655.1,0,98142.9,20512.2,752419.5,595061.7,157357.8,0,150577.5,6780.3,4167244.4,1510562.9,2656681.5,146856.1,1695110.2,814715.2,1604633.6,533875.4,1070758.2,0,668628.2,402130,850175,51558.1,12560154.9,5040591.2,7519563.7,439064.9,4771101.4,2309397.4,4489960.1,536153,512761.5,23391.5,636490.8
01/04/2019,1422091.6,1128784.7,293306.9,228584.5,64722.4,2562766.6,895206.7,1667559.9,10365.5,1657194.4,8755605.8,3120815.7,5634790.1,199788.8,3100257.6,2334743.7,8755605.8,778902,160303.5,618598.5,0,400163.1,218435.4,31248.9,31248.9,0,0,0,0,205074.7,159788,45286.7,0,35570.5,9716.2,216692.7,90838.1,125854.6,0,86581.8,39272.8,782910.7,611963.2,170947.5,0,164021.1,6926.4,4259803.3,1526677.5,2733125.8,148578.4,1764783,819764.4,1612598.8,539996.5,1072602.3,0,649138.1,423464.2,817164.3,51210.4,12740464,5144807.1,7595656.9,438738.8,4822174.4,2334743.7,4593490.3,558239,533892.1,24346.9,668032.2
01/07/2019,1438446.6,1147606.4,290840.2,228645.8,62194.4,2610097.5,920183.4,1689914.1,10793.1,1679121,8667158.9,3111199.6,5555959.3,195616.8,2975137.2,2385205.3,8667158.9,793844.3,156407.4,637436.9,0,386797,250639.9,30787.6,30787.6,0,0,0,0,206484.4,158980.2,47504.2,0,33706.5,13797.7,223978.1,92992.4,130985.7,0,64310.7,66675,788954.2,612739.5,176214.7,0,169118.8,7095.9,4209287.7,1532550.6,2676737.1,146685.9,1710123.2,819928,1642053.6,526741.9,1115311.7,0,611081,504230.7,722838.1,48930.9,12715703,5178989.4,7536713.6,435055.7,4716452.6,2385205.3,4612789.4,541631,516916.1,24714.9,651241.9
01/10/2019,1394771,1159883.7,234887.3,164666.9,70220.4,2594414,943708.9,1650705.1,11108,1639597.1,8836356.4,3069803.7,5766552.7,169808.6,3234730,2362014.1,8836356.4,776189.9,143227.6,632962.3,0,421035.9,211926.4,28585.8,28585.8,0,0,0,0,210552.8,164000.8,46552,0,35820.4,10731.6,208403.2,88415,119988.2,0,100821.2,19167,783971.7,598632.8,185338.9,0,181206.8,4132.1,4178104.6,1527041.3,2651063.3,121711,1728463.8,800888.5,1554423.5,519900.4,1034523.1,0,767381.9,267141.2,1048027.3,48097.6,12825541.4,5173396.3,7652145.1,345583.5,4944547.5,2362014.1,4523924.8,546467,521675.1,24791.9,720785.2
01/01/2020,1372919.2,1143904.9,229014.3,165715.7,63298.6,2676214.4,960877,1715337.4,11234.4,1704103,9898575.6,3463131.7,6435443.9,170787.9,3285248,2979408,9898575.6,833465,171995.7,661469.3,0,440279.6,221189.7,31089.6,31089.6,0,0,0,0,241575.3,191239.3,50336,0,34255.2,16080.8,233093.7,105019.9,128073.8,0,105445.7,22628.1,812043.5,642782,169261.5,0,161781.8,7479.7,4578382.3,1735122.8,2843259.5,123264.4,1821242.3,898752.8,1751735.4,585882.4,1165853,0,722243.4,443609.6,1369667.3,47523.5,13947709.2,5567913.6,8379795.6,347738,5052649.6,2979408,4865993.6,550797,521801.9,28995.1,689297
01/04/2020,1316403.1,1098218.5,218184.6,159642.1,58542.5,2710020.7,979154.7,1730866,11314.7,1719551.3,8932180.3,3418292.3,5513888,163827.1,2458566.2,2891494.7,8932180.3,766307.7,171646.4,594661.3,0,316194.7,278466.6,31778,31778,0,0,0,0,228930.2,188437.1,40493.1,0,28106.6,12386.5,215426.9,96947.1,118479.8,0,68413.9,50065.9,796046.1,657612.4,138433.7,0,129603.7,8830,4266556.1,1709534.5,2557021.6,117497.4,1394469,1045055.2,1623957.4,562336.8,1061620.6,0,521778.3,539842.3,956848.2,46329.7,12958604.1,5495665.5,7462938.6,334783.9,4236660,2891494.7,4665122.3,531790,503699.6,28090.4,629629.5
01/07/2020,1282298.2,1068744.9,213553.3,158789.5,54763.8,2768609.5,1004247.4,1764362.1,11536.2,1752825.9,8614539.6,3253439.5,5361100.1,166302,2393125.1,2801673,8614539.6,738793,154551.1,584241.9,0,298174.2,286067.7,30701.3,30701.3,0,0,0,0,209294.2,171089.1,38205.1,0,28511.3,9693.8,203662,90331.2,113330.8,0,66487.1,46843.7,789044,652209.9,136834.1,0,129953.6,6880.5,4492811.7,1628607.7,2864204,120065.4,1325196.5,1418942.1,1286388.8,525949.2,760439.6,0,544802.4,215637.2,817608,46236.6,12665447.3,5326431.8,7339015.5,336627.7,4200714.8,2801673,4534910.3,542194,518024.1,24169.9,611845.5
01/10/2020,1295573.1,1074440.1,221133,158458.4,62674.6,2796500.1,1028687.3,1767812.8,11671.4,1756141.4,8141963.6,3072612.1,5069351.5,164597,2368314,2536440.5,8141963.6,726673,151658.3,575014.7,0,293465,281549.7,28001.2,28001.2,0,0,0,0,187406.5,149804.8,37601.7,0,28061,9540.7,193223.8,81682.8,111541,0,65437.1,46103.9,759981.9,625308.9,134673,0,127901.2,6771.8,4364314.8,1543446.9,2820867.9,120069.4,1304266.8,1396531.7,1254123.6,492709.2,761414.4,0,549182.9,212231.5,583711.2,44527.6,12234036.8,5175739.5,7058297.3,334726.8,4187130,2536440.5,5047805.2,548544,524374.1,24169.9,683791.8
01/01/2021,1264844.4,1047085.5,217758.9,158527,59231.9,2874066.4,1046275,1827791.4,11914.2,1815877.2,8223832.2,3079592.6,5144239.6,163391.3,2438856.4,2541991.9,8223832.2,747893.7,155658.5,592235.2,0,302253.7,289981.5,27584.9,27584.9,0,0,0,0,187709.1,148981.3,38727.8,0,28901.4,9826.4,199551.1,84669.7,114881.4,0,67396.8,47484.6,763078.2,624372,138706.2,0,131731.6,6974.6,4433729.4,1534180.5,2899548.9,117866.6,1343327.1,1438355.2,1287978.9,504145.7,783833.2,0,565245.8,218587.4,530782.2,45524.7,12362743,5172953.1,7189789.9,333832.5,4313965.5,2541991.9,5198977.2,546486,522315.1,24170.9,673085.6
01/04/2021,1280551.5,1057240.5,223311,161044.4,62266.6,2901653.5,1069865,1831788.5,12210.2,1819578.3,8223950,3052811.8,5171138.2,162874.6,2433182.9,2575080.7,8223950,741687.8,152341.7,589346.1,0,300779.2,288566.9,27900.5,27900.5,0,0,0,0,180884.5,142345.6,38538.9,0,28760.4,9778.5,204523,90202,114321,0,67068,47253,759429.9,621400.4,138029.5,0,131088.9,6940.6,4397796.7,1512819.5,2884977.2,116864.9,1336773.9,1431338.4,1292035.7,505802.1,786233.6,0,568712.5,217521.1,573682.2,46009.7,12406155,5179917.3,7226237.7,336129.2,4315027.8,2575080.7,5173614.9,547626,523455.1,24170.9,720174.1
01/07/2021,1298026.5,1075669.4,222357.1,162551.3,59805.8,2981168.3,1100257.7,1880910.6,12667.1,1868243.5,8364127.9,3059365.6,5304762.3,167559.9,2485155,2652047.4,8364127.9,735797.4,135570.5,600226.9,0,306332.3,293894.6,26560.7,26560.7,0,0,0,0,182786.7,143536.3,39250.4,0,29291.4,9959,206953.2,90521.6,116431.6,0,68306.2,48125.4,761748.3,621170.4,140577.9,0,133509.2,7068.7,4468553.1,1529975.6,2938577.5,119359.1,1361454,1457764.4,1319829.4,512030.5,807798.9,0,586261.9,221537,613698.3,48200.8,12643322.7,5235292.7,7408030,342778.3,4413204.3,2652047.4,5269132.6,559456,535285.1,24170.9,722091.7
01/10/2021,1335161.6,1101992.7,233168.9,164497.8,68671.1,3004414.7,1130585.4,1873829.3,13204.3,1860625,8409585.7,3121528,5288057.7,171192,2478887,2637978.7,8409585.7,742174.9,145344.6,596830.3,0,304598.8,292231.5,24822.2,24822.2,0,0,0,0,186002.5,146974.3,39028.2,0,29125.6,9902.6,208464.6,92691.9,115772.7,0,67919.7,47853,759021.5,619239.2,139782.3,0,132753.6,7028.7,4492838.7,1566044.2,2926794.5,123529.5,1353749.8,1449515.2,1337434.5,526411.6,811022.9,0,590739.5,220283.4,611164.3,47662.5,12749162,5354106.1,7395055.9,348894.1,4408183.1,2637978.7,5239315.5,566332,542161.1,24170.9,748823.6
